{"param": {"class_weight": null, "max_depth": -1, "min_child_samples": 30, "n_estimators": 110, "num_leaves": 33}, "valid": {"f1": [0.391304347826087, 0.3157894736842105, 0.6071428571428571, 0.5352112676056338, 0.46153846153846156, 0.46153846153846156, 0.4918032786885246, 0.3157894736842105, 0.47761194029850745, 0.5], "precision": [0.6, 0.6428571428571429, 0.8095238095238095, 0.8260869565217391, 0.5555555555555556, 0.6818181818181818, 0.8333333333333334, 0.47368421052631576, 0.5925925925925926, 0.8], "recall": [0.2903225806451613, 0.20930232558139536, 0.4857142857142857, 0.3958333333333333, 0.39473684210526316, 0.3488372093023256, 0.3488372093023256, 0.23684210526315788, 0.4, 0.36363636363636365], "acc": [0.9220055710306406, 0.8913649025069638, 0.9387186629526463, 0.9080779944289693, 0.9025069637883009, 0.9025069637883009, 0.9136490250696379, 0.8913649025069638, 0.9025069637883009, 0.9108635097493036], "auc": [0.7308221872541305, 0.7540476891374743, 0.7530423280423281, 0.8226487138263665, 0.8163223479258894, 0.8180747718575213, 0.7620694730644687, 0.7252008525987866, 0.8449843260188087, 0.8477633477633477]}, "test": {"f1": [0.5, 0.5151515151515151, 0.40625, 0.4067796610169492, 0.3384615384615385, 0.5161290322580645, 0.4307692307692308, 0.5352112676056338, 0.5230769230769231, 0.5573770491803278], "precision": [0.7916666666666666, 0.7727272727272727, 0.5909090909090909, 0.5714285714285714, 0.5238095238095238, 0.6666666666666666, 0.6086956521739131, 0.6551724137931034, 0.7083333333333334, 0.85], "recall": [0.36538461538461536, 0.38636363636363635, 0.30952380952380953, 0.3157894736842105, 0.25, 0.42105263157894735, 0.3333333333333333, 0.4523809523809524, 0.4146341463414634, 0.4146341463414634], "acc": [0.8944444444444445, 0.9111111111111111, 0.8944444444444445, 0.9027777777777778, 0.8805555555555555, 0.9166666666666666, 0.8972222222222223, 0.9083333333333333, 0.9138888888888889, 0.925], "auc": [0.8391608391608392, 0.7954545454545454, 0.8046196466007787, 0.7662226217718209, 0.7793440736478712, 0.7921706440013075, 0.783355795148248, 0.8252470799640612, 0.8142442082728037, 0.8249866197721538]}}