{"param": {"class_weight": null, "criterion": "gini", "max_depth": 30, "min_samples_leaf": 1, "min_samples_split": 5}, "valid": {"f1": [0.45614035087719296, 0.3684210526315789, 0.4444444444444444, 0.4935064935064935, 0.5205479452054794, 0.48717948717948717, 0.3561643835616438, 0.3333333333333333, 0.4935064935064935, 0.4533333333333333], "precision": [0.5, 0.42424242424242425, 0.5, 0.6551724137931034, 0.5428571428571428, 0.5428571428571428, 0.43333333333333335, 0.45454545454545453, 0.5135135135135135, 0.5483870967741935], "recall": [0.41935483870967744, 0.32558139534883723, 0.4, 0.3958333333333333, 0.5, 0.4418604651162791, 0.3023255813953488, 0.2631578947368421, 0.475, 0.38636363636363635], "acc": [0.9136490250696379, 0.8662952646239555, 0.9025069637883009, 0.8913649025069638, 0.9025069637883009, 0.8885793871866295, 0.8690807799442897, 0.8885793871866295, 0.8913649025069638, 0.8857938718662952], "auc": [0.773062549173879, 0.6857889314100678, 0.721252204585538, 0.7155680600214362, 0.7324971306771602, 0.7292831910509273, 0.688033559022667, 0.7379898343990817, 0.7586598746081504, 0.6912337662337662]}, "test": {"f1": [0.5393258426966292, 0.4266666666666667, 0.3582089552238806, 0.417910447761194, 0.358974358974359, 0.5, 0.3561643835616438, 0.4864864864864865, 0.4117647058823529, 0.5217391304347826], "precision": [0.6486486486486487, 0.5161290322580645, 0.48, 0.4827586206896552, 0.4117647058823529, 0.5294117647058824, 0.41935483870967744, 0.5625, 0.5185185185185185, 0.6428571428571429], "recall": [0.46153846153846156, 0.36363636363636365, 0.2857142857142857, 0.3684210526315789, 0.3181818181818182, 0.47368421052631576, 0.30952380952380953, 0.42857142857142855, 0.34146341463414637, 0.43902439024390244], "acc": [0.8861111111111111, 0.8805555555555555, 0.8805555555555555, 0.8916666666666667, 0.8611111111111112, 0.9, 0.8694444444444445, 0.8944444444444445, 0.8888888888888888, 0.9083333333333333], "auc": [0.7791895604395604, 0.6675057537399309, 0.6902890086852351, 0.6526642693690748, 0.6563938434982739, 0.7891467799934619, 0.6628107217729858, 0.7695043426175503, 0.7107194739658995, 0.7136248948696383]}}