{"param": {"class_weight": "balanced", "learning_rate": 0.1, "max_depth": 4, "min_samples_split": 4, "n_estimators": 150}, "valid": {"f1": [0.4358974358974359, 0.37209302325581395, 0.4523809523809524, 0.5773195876288659, 0.5054945054945055, 0.5416666666666666, 0.5306122448979592, 0.32608695652173914, 0.5581395348837209, 0.52], "precision": [0.3617021276595745, 0.37209302325581395, 0.3877551020408163, 0.5714285714285714, 0.4339622641509434, 0.49056603773584906, 0.4727272727272727, 0.2777777777777778, 0.5217391304347826, 0.4642857142857143], "recall": [0.5483870967741935, 0.37209302325581395, 0.5428571428571428, 0.5833333333333334, 0.6052631578947368, 0.6046511627906976, 0.6046511627906976, 0.39473684210526316, 0.6, 0.5909090909090909], "acc": [0.8774373259052924, 0.8495821727019499, 0.871866295264624, 0.8857938718662952, 0.8746518105849582, 0.8774373259052924, 0.871866295264624, 0.8272980501392758, 0.8941504178272981, 0.8662952646239555], "auc": [0.8201219512195121, 0.7653812187224021, 0.7838624338624339, 0.8438504823151125, 0.7962780783735038, 0.8325728584044746, 0.8227112157786283, 0.7130677160190195, 0.8538401253918495, 0.7941558441558442]}, "test": {"f1": [0.5486725663716814, 0.5773195876288659, 0.4375, 0.42105263157894735, 0.48148148148148145, 0.4731182795698925, 0.42696629213483145, 0.4339622641509434, 0.45454545454545453, 0.5869565217391305], "precision": [0.5081967213114754, 0.5283018867924528, 0.3888888888888889, 0.3508771929824561, 0.40625, 0.4, 0.40425531914893614, 0.359375, 0.425531914893617, 0.5294117647058824], "recall": [0.5961538461538461, 0.6363636363636364, 0.5, 0.5263157894736842, 0.5909090909090909, 0.5789473684210527, 0.4523809523809524, 0.5476190476190477, 0.4878048780487805, 0.6585365853658537], "acc": [0.8583333333333333, 0.8861111111111111, 0.85, 0.8472222222222222, 0.8444444444444444, 0.8638888888888889, 0.8583333333333333, 0.8333333333333334, 0.8666666666666667, 0.8944444444444445], "auc": [0.8329795204795205, 0.8253020713463751, 0.8156633722671459, 0.7645472376593658, 0.8092635212888377, 0.828457012095456, 0.7622791254866726, 0.817235699311171, 0.8311797538038076, 0.8473124856640416]}}