{"param": {"class_weight": null, "gamma": 1, "learning_rate": 0.1, "max_depth": 9, "min_child_weight": 1, "n_estimators": 100, "scale_pos_weight": 5}, "valid": {"f1": [0.45454545454545453, 0.32941176470588235, 0.5066666666666667, 0.5106382978723404, 0.42424242424242425, 0.5416666666666666, 0.5128205128205128, 0.36363636363636365, 0.5434782608695652, 0.5542168674698795], "precision": [0.42857142857142855, 0.3333333333333333, 0.475, 0.5217391304347826, 0.3442622950819672, 0.49056603773584906, 0.5714285714285714, 0.358974358974359, 0.4807692307692308, 0.5897435897435898], "recall": [0.4838709677419355, 0.32558139534883723, 0.5428571428571428, 0.5, 0.5526315789473685, 0.6046511627906976, 0.46511627906976744, 0.3684210526315789, 0.625, 0.5227272727272727], "acc": [0.8997214484679665, 0.841225626740947, 0.8969359331476323, 0.871866295264624, 0.841225626740947, 0.8774373259052924, 0.8941504178272981, 0.8635097493036211, 0.883008356545961, 0.8969359331476323], "auc": [0.7991247049567269, 0.7770827200471004, 0.77663139329806, 0.79997320471597, 0.8075094277750451, 0.8213129231675007, 0.7773770974389168, 0.7396294474504017, 0.8679075235109718, 0.8228354978354978]}, "test": {"f1": [0.5961538461538461, 0.5274725274725275, 0.45454545454545453, 0.45454545454545453, 0.4077669902912621, 0.4367816091954023, 0.47191011235955055, 0.4948453608247423, 0.4666666666666667, 0.47368421052631576], "precision": [0.5961538461538461, 0.5106382978723404, 0.43478260869565216, 0.4, 0.3559322033898305, 0.3877551020408163, 0.44680851063829785, 0.43636363636363634, 0.42857142857142855, 0.5142857142857142], "recall": [0.5961538461538461, 0.5454545454545454, 0.47619047619047616, 0.5263157894736842, 0.4772727272727273, 0.5, 0.5, 0.5714285714285714, 0.5121951219512195, 0.43902439024390244], "acc": [0.8833333333333333, 0.8805555555555555, 0.8666666666666667, 0.8666666666666667, 0.8305555555555556, 0.8638888888888889, 0.8694444444444445, 0.8638888888888889, 0.8666666666666667, 0.8888888888888888], "auc": [0.8564872627372628, 0.7833716915995397, 0.8141659179395029, 0.7715756783262505, 0.7996260069044879, 0.8057780320366132, 0.786425576519916, 0.814315663372267, 0.7776206131967276, 0.7744858169584831]}}