{"param": {"class_weight": null, "gamma": 1, "learning_rate": 0.1, "max_depth": null, "min_child_weight": 1, "n_estimators": 100, "scale_pos_weight": 10}, "valid": {"f1": [0.4594594594594595, 0.32558139534883723, 0.4318181818181818, 0.5555555555555556, 0.5116279069767442, 0.5416666666666666, 0.5647058823529412, 0.33707865168539325, 0.5647058823529412, 0.5360824742268041], "precision": [0.3953488372093023, 0.32558139534883723, 0.3584905660377358, 0.5952380952380952, 0.4583333333333333, 0.49056603773584906, 0.5714285714285714, 0.29411764705882354, 0.5333333333333333, 0.49056603773584906], "recall": [0.5483870967741935, 0.32558139534883723, 0.5428571428571428, 0.5208333333333334, 0.5789473684210527, 0.6046511627906976, 0.5581395348837209, 0.39473684210526316, 0.6, 0.5909090909090909], "acc": [0.8885793871866295, 0.8384401114206128, 0.8607242339832869, 0.8885793871866295, 0.883008356545961, 0.8774373259052924, 0.8969359331476323, 0.8356545961002786, 0.8969359331476323, 0.8746518105849582], "auc": [0.816089693154996, 0.7600824256697085, 0.7992063492063493, 0.8148445873526259, 0.8121823249713068, 0.8019576096555783, 0.8241831027377098, 0.7289719626168224, 0.8713949843260188, 0.810966810966811]}, "test": {"f1": [0.5555555555555556, 0.5333333333333333, 0.3595505617977528, 0.44680851063829785, 0.4631578947368421, 0.4946236559139785, 0.40860215053763443, 0.4339622641509434, 0.5121951219512195, 0.5319148936170213], "precision": [0.5357142857142857, 0.5217391304347826, 0.3404255319148936, 0.375, 0.43137254901960786, 0.41818181818181815, 0.37254901960784315, 0.359375, 0.5121951219512195, 0.4716981132075472], "recall": [0.5769230769230769, 0.5454545454545454, 0.38095238095238093, 0.5526315789473685, 0.5, 0.6052631578947368, 0.4523809523809524, 0.5476190476190477, 0.5121951219512195, 0.6097560975609756], "acc": [0.8666666666666667, 0.8833333333333333, 0.8416666666666667, 0.8555555555555555, 0.8583333333333333, 0.8694444444444445, 0.8472222222222222, 0.8333333333333334, 0.8888888888888888, 0.8777777777777778], "auc": [0.843906093906094, 0.8299769850402762, 0.796795447738844, 0.7681431840470743, 0.7986550632911392, 0.860248447204969, 0.7520964360587002, 0.823225516621743, 0.8310268369141373, 0.8454010245431608]}}