{"param": {"class_weight": "balanced", "criterion": "gini", "max_depth": 30, "min_samples_leaf": 1, "min_samples_split": 4}, "valid": {"f1": [0.3023255813953488, 0.34210526315789475, 0.4166666666666667, 0.4666666666666667, 0.425531914893617, 0.4329896907216495, 0.34146341463414637, 0.3076923076923077, 0.449438202247191, 0.4470588235294118], "precision": [0.23636363636363636, 0.3939393939393939, 0.40540540540540543, 0.5, 0.35714285714285715, 0.3888888888888889, 0.358974358974359, 0.3, 0.40816326530612246, 0.4634146341463415], "recall": [0.41935483870967744, 0.3023255813953488, 0.42857142857142855, 0.4375, 0.5263157894736842, 0.4883720930232558, 0.32558139534883723, 0.3157894736842105, 0.5, 0.4318181818181818], "acc": [0.8328690807799443, 0.8607242339832869, 0.883008356545961, 0.8662952646239555, 0.8495821727019499, 0.8467966573816156, 0.8495821727019499, 0.8495821727019499, 0.8635097493036211, 0.8690807799442897], "auc": [0.6427517702596381, 0.6199955843391228, 0.6819664902998236, 0.6890072347266881, 0.7049106410887029, 0.6912349131586694, 0.622093023255814, 0.6158386620757501, 0.7085423197492162, 0.6829725829725831]}, "test": {"f1": [0.4107142857142857, 0.4175824175824176, 0.26506024096385544, 0.35443037974683544, 0.37894736842105264, 0.41237113402061853, 0.33707865168539325, 0.42990654205607476, 0.4418604651162791, 0.3010752688172043], "precision": [0.38333333333333336, 0.40425531914893614, 0.2682926829268293, 0.34146341463414637, 0.35294117647058826, 0.3389830508474576, 0.3191489361702128, 0.35384615384615387, 0.4222222222222222, 0.2692307692307692], "recall": [0.4423076923076923, 0.4318181818181818, 0.2619047619047619, 0.3684210526315789, 0.4090909090909091, 0.5263157894736842, 0.35714285714285715, 0.5476190476190477, 0.4634146341463415, 0.34146341463414637], "acc": [0.8166666666666667, 0.8527777777777777, 0.8305555555555556, 0.8583333333333333, 0.8361111111111111, 0.8416666666666667, 0.8361111111111111, 0.8305555555555556, 0.8666666666666667, 0.8194444444444444], "auc": [0.6668643856143857, 0.6693757192174914, 0.5819107517220724, 0.6442873488067996, 0.6518987341772152, 0.6985943118666229, 0.6262728361784966, 0.7011455525606469, 0.6893875678568697, 0.6183194433825216]}}