{"param": {"class_weight": "balanced", "max_depth": 25, "min_samples_leaf": 1, "min_samples_split": 5, "n_estimators": 70}, "valid": {"f1": [0.45614035087719296, 0.3783783783783784, 0.4927536231884058, 0.5106382978723404, 0.5054945054945055, 0.5411764705882353, 0.5066666666666667, 0.3835616438356164, 0.5301204819277109, 0.6136363636363636], "precision": [0.5, 0.45161290322580644, 0.5, 0.5217391304347826, 0.4339622641509434, 0.5476190476190477, 0.59375, 0.4, 0.5116279069767442, 0.6136363636363636], "recall": [0.41935483870967744, 0.32558139534883723, 0.4857142857142857, 0.5, 0.6052631578947368, 0.5348837209302325, 0.4418604651162791, 0.3684210526315789, 0.55, 0.6136363636363636], "acc": [0.9136490250696379, 0.871866295264624, 0.9025069637883009, 0.871866295264624, 0.8746518105849582, 0.8913649025069638, 0.8969359331476323, 0.8746518105849582, 0.8913649025069638, 0.9052924791086351], "auc": [0.8068450039339103, 0.7772299087430086, 0.8037037037037037, 0.7825227759914255, 0.8274717166748649, 0.805269355313512, 0.8064468648807772, 0.7388916215773077, 0.8659874608150471, 0.8600288600288601]}, "test": {"f1": [0.5494505494505495, 0.5411764705882353, 0.38961038961038963, 0.4358974358974359, 0.38961038961038963, 0.49382716049382713, 0.5, 0.5274725274725275, 0.4946236559139785, 0.5316455696202531], "precision": [0.6410256410256411, 0.5609756097560976, 0.42857142857142855, 0.425, 0.45454545454545453, 0.46511627906976744, 0.5, 0.4897959183673469, 0.4423076923076923, 0.5526315789473685], "recall": [0.4807692307692308, 0.5227272727272727, 0.35714285714285715, 0.4473684210526316, 0.3409090909090909, 0.5263157894736842, 0.5, 0.5714285714285714, 0.5609756097560976, 0.5121951219512195], "acc": [0.8861111111111111, 0.8916666666666667, 0.8694444444444445, 0.8777777777777778, 0.8694444444444445, 0.8861111111111111, 0.8833333333333333, 0.8805555555555555, 0.8694444444444445, 0.8972222222222223], "auc": [0.856737012987013, 0.8041930379746836, 0.8140910452231207, 0.7851830663615561, 0.8100546605293439, 0.8466001961425302, 0.8066037735849058, 0.8310871518418689, 0.7947473048398196, 0.814205979050386]}}