{"param": {"class_weight": "balanced", "max_depth": 8, "min_child_samples": 10, "n_estimators": 100, "num_leaves": 31}, "valid": {"f1": [0.45901639344262296, 0.3055555555555556, 0.5142857142857142, 0.5647058823529412, 0.5526315789473685, 0.5476190476190477, 0.5753424657534246, 0.3835616438356164, 0.5384615384615384, 0.5476190476190477], "precision": [0.4666666666666667, 0.3793103448275862, 0.5142857142857142, 0.6486486486486487, 0.5526315789473685, 0.5609756097560976, 0.7, 0.4, 0.5526315789473685, 0.575], "recall": [0.45161290322580644, 0.2558139534883721, 0.5142857142857142, 0.5, 0.5526315789473685, 0.5348837209302325, 0.4883720930232558, 0.3684210526315789, 0.525, 0.5227272727272727], "acc": [0.9080779944289693, 0.8607242339832869, 0.9052924791086351, 0.8969359331476323, 0.9052924791086351, 0.8941504178272981, 0.9136490250696379, 0.8746518105849582, 0.8997214484679665, 0.8941504178272981], "auc": [0.8072383949645949, 0.7539740947895202, 0.7705467372134038, 0.8346061093247589, 0.808575176258403, 0.8016632322637622, 0.8436120105975862, 0.7278242334808985, 0.8488244514106583, 0.8183982683982683]}, "test": {"f1": [0.5979381443298969, 0.5476190476190477, 0.3684210526315789, 0.45, 0.449438202247191, 0.5194805194805194, 0.45569620253164556, 0.45454545454545453, 0.5, 0.625], "precision": [0.6444444444444445, 0.575, 0.4117647058823529, 0.42857142857142855, 0.4444444444444444, 0.5128205128205128, 0.4864864864864865, 0.43478260869565216, 0.5428571428571428, 0.6410256410256411], "recall": [0.5576923076923077, 0.5227272727272727, 0.3333333333333333, 0.47368421052631576, 0.45454545454545453, 0.5263157894736842, 0.42857142857142855, 0.47619047619047616, 0.4634146341463415, 0.6097560975609756], "acc": [0.8916666666666667, 0.8944444444444445, 0.8666666666666667, 0.8777777777777778, 0.8638888888888889, 0.8972222222222223, 0.8805555555555555, 0.8666666666666667, 0.8944444444444445, 0.9166666666666666], "auc": [0.8388486513486514, 0.8273878020713463, 0.8123689727463312, 0.7758254331480876, 0.8168512658227848, 0.8470905524681268, 0.7716382150344415, 0.8180592991913747, 0.8194051532991818, 0.8542702041440478]}}