{"param": {"class_weight": "balanced", "max_depth": 25, "min_samples_leaf": 2, "min_samples_split": 5, "n_estimators": 15}, "valid": {"f1": [0.2857142857142857, 0.26229508196721313, 0.4528301886792453, 0.4166666666666667, 0.46153846153846156, 0.45454545454545453, 0.4406779661016949, 0.33962264150943394, 0.39344262295081966, 0.4507042253521127], "precision": [0.5454545454545454, 0.4444444444444444, 0.6666666666666666, 0.625, 0.5555555555555556, 0.6521739130434783, 0.8125, 0.6, 0.5714285714285714, 0.5925925925925926], "recall": [0.1935483870967742, 0.18604651162790697, 0.34285714285714286, 0.3125, 0.39473684210526316, 0.3488372093023256, 0.3023255813953488, 0.23684210526315788, 0.3, 0.36363636363636365], "acc": [0.9164345403899722, 0.8746518105849582, 0.9192200557103064, 0.883008356545961, 0.9025069637883009, 0.8997214484679665, 0.9080779944289693, 0.9025069637883009, 0.8969359331476323, 0.8913649025069638], "auc": [0.7872246262785207, 0.7059169855755079, 0.8112874779541447, 0.7935423365487674, 0.8202984095753403, 0.7972843685604944, 0.8284883720930233, 0.6842515166420725, 0.8099137931034484, 0.842893217893218]}, "test": {"f1": [0.4444444444444444, 0.36923076923076925, 0.3050847457627119, 0.3448275862068966, 0.3384615384615385, 0.2711864406779661, 0.4, 0.3384615384615385, 0.4827586206896552, 0.4827586206896552], "precision": [0.8, 0.5714285714285714, 0.5294117647058824, 0.5, 0.5238095238095238, 0.38095238095238093, 0.6666666666666666, 0.4782608695652174, 0.8235294117647058, 0.8235294117647058], "recall": [0.3076923076923077, 0.2727272727272727, 0.21428571428571427, 0.2631578947368421, 0.25, 0.21052631578947367, 0.2857142857142857, 0.2619047619047619, 0.34146341463414637, 0.34146341463414637], "acc": [0.8888888888888888, 0.8861111111111111, 0.8861111111111111, 0.8944444444444445, 0.8805555555555555, 0.8805555555555555, 0.9, 0.8805555555555555, 0.9166666666666666, 0.9166666666666666], "auc": [0.8011988011988012, 0.8361622554660528, 0.7407157831686133, 0.7947041516835567, 0.8215261795166858, 0.7817097090552467, 0.8133797544174902, 0.7975816112608566, 0.800175854423121, 0.8210490098631394]}}