{"param": {"class_weight": "balanced", "learning_rate": 0.1, "max_depth": 4, "min_samples_split": 4, "n_estimators": 150}, "valid": {"f1": [0.3764705882352941, 0.4, 0.40384615384615385, 0.5, 0.46017699115044247, 0.5333333333333333, 0.5333333333333333, 0.3333333333333333, 0.5148514851485149, 0.5504587155963303], "precision": [0.2962962962962963, 0.3387096774193548, 0.30434782608695654, 0.4166666666666667, 0.3466666666666667, 0.45161290322580644, 0.5106382978723404, 0.2571428571428571, 0.4262295081967213, 0.46153846153846156], "recall": [0.5161290322580645, 0.4883720930232558, 0.6, 0.625, 0.6842105263157895, 0.6511627906976745, 0.5581395348837209, 0.47368421052631576, 0.65, 0.6818181818181818], "acc": [0.8523676880222841, 0.8245125348189415, 0.8272980501392758, 0.8328690807799443, 0.83008356545961, 0.8635097493036211, 0.883008356545961, 0.7994428969359332, 0.8635097493036211, 0.8635097493036211], "auc": [0.817663257277734, 0.7829702678834265, 0.7607142857142857, 0.7909967845659165, 0.8068125922282342, 0.8348542831910509, 0.7917279952899617, 0.7313494015412362, 0.8668103448275862, 0.8442640692640693]}, "test": {"f1": [0.5785123966942148, 0.46296296296296297, 0.4423076923076923, 0.38461538461538464, 0.4098360655737705, 0.3888888888888889, 0.42857142857142855, 0.423728813559322, 0.4485981308411215, 0.4107142857142857], "precision": [0.5072463768115942, 0.390625, 0.3709677419354839, 0.30303030303030304, 0.32051282051282054, 0.3, 0.34285714285714286, 0.32894736842105265, 0.36363636363636365, 0.323943661971831], "recall": [0.6730769230769231, 0.5681818181818182, 0.5476190476190477, 0.5263157894736842, 0.5681818181818182, 0.5526315789473685, 0.5714285714285714, 0.5952380952380952, 0.5853658536585366, 0.5609756097560976], "acc": [0.8583333333333333, 0.8388888888888889, 0.8388888888888889, 0.8222222222222222, 0.8, 0.8166666666666667, 0.8222222222222222, 0.8111111111111111, 0.8361111111111111, 0.8166666666666667], "auc": [0.8604520479520479, 0.7845584004602992, 0.8152515723270439, 0.7866132723112128, 0.7925057537399309, 0.8114579928081072, 0.7738843965259059, 0.8075771188978736, 0.7755562351861763, 0.8121033718174172]}}