{"param": {"class_weight": null, "criterion": "gini", "max_depth": 10, "min_samples_leaf": 1, "min_samples_split": 2}, "valid": {"f1": [0.21052631578947367, 0.3888888888888889, 0.45714285714285713, 0.5, 0.47368421052631576, 0.38095238095238093, 0.3888888888888889, 0.36363636363636365, 0.3888888888888889, 0.3333333333333333], "precision": [0.5, 0.5384615384615384, 0.5333333333333333, 0.6875, 0.5625, 0.47058823529411764, 0.5833333333333334, 0.6, 0.4375, 0.75], "recall": [0.13333333333333333, 0.30434782608695654, 0.4, 0.39285714285714285, 0.4090909090909091, 0.32, 0.2916666666666667, 0.2608695652173913, 0.35, 0.21428571428571427], "acc": [0.958217270194986, 0.9387186629526463, 0.947075208913649, 0.9387186629526463, 0.9442896935933147, 0.9275766016713092, 0.9387186629526463, 0.9415041782729805, 0.9387186629526463, 0.9331476323119777], "auc": [0.5217054263565891, 0.7142857142857142, 0.7401917404129794, 0.6600129477772982, 0.8010520636633397, 0.7834730538922156, 0.7108208955223881, 0.6447334368530021, 0.6746312684365782, 0.5939253344842469]}, "test": {"f1": [0.5106382978723404, 0.45161290322580644, 0.4666666666666667, 0.42857142857142855, 0.46511627906976744, 0.37037037037037035, 0.34146341463414637, 0.5, 0.30303030303030304, 0.5365853658536586], "precision": [0.8571428571428571, 0.875, 0.7777777777777778, 0.6, 0.5, 0.5555555555555556, 0.35, 0.5789473684210527, 0.5, 0.6111111111111112], "recall": [0.36363636363636365, 0.30434782608695654, 0.3333333333333333, 0.3333333333333333, 0.43478260869565216, 0.2777777777777778, 0.3333333333333333, 0.44, 0.21739130434782608, 0.4782608695652174], "acc": [0.9361111111111111, 0.9527777777777777, 0.9555555555555556, 0.9555555555555556, 0.9361111111111111, 0.9527777777777777, 0.925, 0.9388888888888889, 0.9361111111111111, 0.9472222222222222], "auc": [0.6549439347604485, 0.661011482389369, 0.7156904059558926, 0.7173489278752435, 0.7935105147722875, 0.574317738791423, 0.6192583227981459, 0.7216716417910448, 0.6226938459553606, 0.7199716165656044]}}