{"param": {"class_weight": null, "criterion": "entropy", "max_depth": 25, "min_samples_leaf": 1, "min_samples_split": 5}, "valid": {"f1": [0.25, 0.26666666666666666, 0.5882352941176471, 0.391304347826087, 0.5, 0.56, 0.4, 0.35, 0.6363636363636364, 0.43902439024390244], "precision": [0.3333333333333333, 0.2727272727272727, 0.7142857142857143, 0.5, 0.5, 0.56, 0.42857142857142855, 0.4117647058823529, 0.5833333333333334, 0.6923076923076923], "recall": [0.2, 0.2608695652173913, 0.5, 0.32142857142857145, 0.5, 0.56, 0.375, 0.30434782608695654, 0.7, 0.32142857142857145], "acc": [0.9498607242339833, 0.9080779944289693, 0.9610027855153204, 0.9220055710306406, 0.9387186629526463, 0.9387186629526463, 0.924791086350975, 0.9275766016713092, 0.9554317548746518, 0.935933147632312], "auc": [0.6387596899224806, 0.6970108695652173, 0.7958702064896757, 0.6706409149762623, 0.7282168869705962, 0.7961077844311377, 0.755597014925373, 0.6854943064182193, 0.8264011799410029, 0.7470328010358221]}, "test": {"f1": [0.4230769230769231, 0.47619047619047616, 0.47058823529411764, 0.5, 0.43902439024390244, 0.5, 0.42857142857142855, 0.5365853658536586, 0.4878048780487805, 0.5], "precision": [0.5789473684210527, 0.5263157894736842, 0.6153846153846154, 0.5, 0.5, 0.5, 0.42857142857142855, 0.6875, 0.5555555555555556, 0.5882352941176471], "recall": [0.3333333333333333, 0.43478260869565216, 0.38095238095238093, 0.5, 0.391304347826087, 0.5, 0.42857142857142855, 0.44, 0.43478260869565216, 0.43478260869565216], "acc": [0.9166666666666666, 0.9388888888888889, 0.95, 0.95, 0.9361111111111111, 0.95, 0.9333333333333333, 0.9472222222222222, 0.9416666666666667, 0.9444444444444444], "auc": [0.718747104068205, 0.6924912914462649, 0.7070515521842955, 0.7630766731643924, 0.7344213649851632, 0.8118908382066277, 0.7950554853209721, 0.781910447761194, 0.7206812024254934, 0.7155205779899367]}}