{"param": {"class_weight": "balanced", "learning_rate": 0.1, "max_depth": null, "min_samples_split": 5, "n_estimators": 150}, "valid": {"f1": [0.25, 0.35555555555555557, 0.5, 0.5306122448979592, 0.47058823529411764, 0.5185185185185185, 0.3181818181818182, 0.34146341463414637, 0.5306122448979592, 0.41509433962264153], "precision": [0.2, 0.36363636363636365, 0.5, 0.6190476190476191, 0.41379310344827586, 0.4827586206896552, 0.35, 0.3888888888888889, 0.4482758620689655, 0.44], "recall": [0.3333333333333333, 0.34782608695652173, 0.5, 0.4642857142857143, 0.5454545454545454, 0.56, 0.2916666666666667, 0.30434782608695654, 0.65, 0.39285714285714285], "acc": [0.9164345403899722, 0.9192200557103064, 0.9442896935933147, 0.935933147632312, 0.924791086350975, 0.9275766016713092, 0.9164345403899722, 0.924791086350975, 0.935933147632312, 0.9136490250696379], "auc": [0.738953488372093, 0.7280020703933746, 0.8211651917404129, 0.8624298662063011, 0.8681548421904505, 0.8828742514970058, 0.7389303482587064, 0.7182971014492753, 0.8562684365781711, 0.836911955114372]}, "test": {"f1": [0.5882352941176471, 0.5106382978723404, 0.4888888888888889, 0.47368421052631576, 0.5128205128205128, 0.5238095238095238, 0.43636363636363634, 0.4489795918367347, 0.5490196078431373, 0.5217391304347826], "precision": [0.5714285714285714, 0.5, 0.4583333333333333, 0.45, 0.625, 0.4583333333333333, 0.35294117647058826, 0.4583333333333333, 0.5, 0.5217391304347826], "recall": [0.6060606060606061, 0.5217391304347826, 0.5238095238095238, 0.5, 0.43478260869565216, 0.6111111111111112, 0.5714285714285714, 0.44, 0.6086956521739131, 0.5217391304347826], "acc": [0.9222222222222223, 0.9361111111111111, 0.9361111111111111, 0.9444444444444444, 0.9472222222222222, 0.9444444444444444, 0.9138888888888889, 0.925, 0.9361111111111111, 0.9388888888888889], "auc": [0.8702159206746363, 0.8313765965681847, 0.7575502177272089, 0.9018843404808317, 0.8707908656947492, 0.88182261208577, 0.8140188228683805, 0.834865671641791, 0.8186685588956265, 0.8333763385369629]}}