{"param": {"class_weight": "balanced", "max_depth": 30, "min_samples_leaf": 2, "min_samples_split": 2, "n_estimators": 50}, "valid": {"f1": [0.125, 0.20689655172413793, 0.5333333333333333, 0.47619047619047616, 0.48484848484848486, 0.5263157894736842, 0.3333333333333333, 0.20689655172413793, 0.5185185185185185, 0.3157894736842105], "precision": [1.0, 0.5, 0.8, 0.7142857142857143, 0.7272727272727273, 0.7692307692307693, 0.8333333333333334, 0.5, 1.0, 0.6], "recall": [0.06666666666666667, 0.13043478260869565, 0.4, 0.35714285714285715, 0.36363636363636365, 0.4, 0.20833333333333334, 0.13043478260869565, 0.35, 0.21428571428571427], "acc": [0.9610027855153204, 0.935933147632312, 0.9610027855153204, 0.9387186629526463, 0.9526462395543176, 0.9498607242339833, 0.9442896935933147, 0.935933147632312, 0.9637883008356546, 0.9275766016713092], "auc": [0.7981589147286822, 0.756922877846791, 0.9286873156342182, 0.8077255071212776, 0.9005934718100891, 0.9123353293413173, 0.8300995024875623, 0.8024068322981367, 0.9033923303834809, 0.9038627535606387]}, "test": {"f1": [0.38095238095238093, 0.3333333333333333, 0.3448275862068966, 0.5384615384615384, 0.3448275862068966, 0.42857142857142855, 0.5161290322580645, 0.4117647058823529, 0.4375, 0.5625], "precision": [0.8888888888888888, 0.7142857142857143, 0.625, 0.875, 0.8333333333333334, 0.6, 0.8, 0.7777777777777778, 0.7777777777777778, 1.0], "recall": [0.24242424242424243, 0.21739130434782608, 0.23809523809523808, 0.3888888888888889, 0.21739130434782608, 0.3333333333333333, 0.38095238095238093, 0.28, 0.30434782608695654, 0.391304347826087], "acc": [0.9277777777777778, 0.9444444444444444, 0.9472222222222222, 0.9666666666666667, 0.9472222222222222, 0.9555555555555556, 0.9583333333333334, 0.9444444444444444, 0.95, 0.9611111111111111], "auc": [0.8686405337781485, 0.9174300090310927, 0.858968956314089, 0.8339831059129306, 0.9026577215843117, 0.9243014944769331, 0.8540525354684646, 0.8353432835820896, 0.7900270932782867, 0.8715649593600826]}}