{"param": {"class_weight": "balanced", "learning_rate": 0.1, "max_depth": 4, "min_samples_split": 4, "n_estimators": 150}, "valid": {"f1": [0.22857142857142856, 0.2608695652173913, 0.5777777777777777, 0.5079365079365079, 0.4074074074074074, 0.5185185185185185, 0.4897959183673469, 0.43478260869565216, 0.49056603773584906, 0.4727272727272727], "precision": [0.2, 0.2608695652173913, 0.52, 0.45714285714285713, 0.34375, 0.4827586206896552, 0.48, 0.43478260869565216, 0.3939393939393939, 0.48148148148148145], "recall": [0.26666666666666666, 0.2608695652173913, 0.65, 0.5714285714285714, 0.5, 0.56, 0.5, 0.43478260869565216, 0.65, 0.4642857142857143], "acc": [0.924791086350975, 0.9052924791086351, 0.947075208913649, 0.9136490250696379, 0.9108635097493036, 0.9275766016713092, 0.9303621169916435, 0.9275766016713092, 0.924791086350975, 0.9192200557103064], "auc": [0.8239341085271318, 0.7547877846790891, 0.8783185840707964, 0.8420371169615882, 0.8446182897221473, 0.8998802395209581, 0.83818407960199, 0.8038302277432712, 0.8837758112094395, 0.8798014674147605]}, "test": {"f1": [0.5671641791044776, 0.43478260869565216, 0.42857142857142855, 0.46808510638297873, 0.4666666666666667, 0.5116279069767442, 0.4583333333333333, 0.4482758620689655, 0.5217391304347826, 0.6808510638297872], "precision": [0.5588235294117647, 0.43478260869565216, 0.42857142857142855, 0.3793103448275862, 0.3783783783783784, 0.44, 0.4074074074074074, 0.3939393939393939, 0.5217391304347826, 0.6666666666666666], "recall": [0.5757575757575758, 0.43478260869565216, 0.42857142857142855, 0.6111111111111112, 0.6086956521739131, 0.6111111111111112, 0.5238095238095238, 0.52, 0.5217391304347826, 0.6956521739130435], "acc": [0.9194444444444444, 0.9277777777777778, 0.9333333333333333, 0.9305555555555556, 0.9111111111111111, 0.9416666666666667, 0.9277777777777778, 0.9111111111111111, 0.9388888888888889, 0.9583333333333334], "auc": [0.8686868686868687, 0.802735130950845, 0.8638853771597135, 0.8497400909681612, 0.8998838859502, 0.9385964912280702, 0.9307487006602051, 0.8044179104477612, 0.8238936911366276, 0.9165268997548703]}}