{"param": {"class_weight": "balanced", "max_depth": 8, "min_child_samples": 25, "n_estimators": 110, "num_leaves": 15}, "valid": {"f1": [0.3125, 0.38095238095238093, 0.5789473684210527, 0.5098039215686274, 0.48, 0.56, 0.46511627906976744, 0.46153846153846156, 0.5454545454545454, 0.47058823529411764], "precision": [0.29411764705882354, 0.42105263157894735, 0.6111111111111112, 0.5652173913043478, 0.42857142857142855, 0.56, 0.5263157894736842, 0.5625, 0.5, 0.5217391304347826], "recall": [0.3333333333333333, 0.34782608695652173, 0.55, 0.4642857142857143, 0.5454545454545454, 0.56, 0.4166666666666667, 0.391304347826087, 0.6, 0.42857142857142855], "acc": [0.9387186629526463, 0.9275766016713092, 0.9554317548746518, 0.9303621169916435, 0.9275766016713092, 0.9387186629526463, 0.935933147632312, 0.9415041782729805, 0.9442896935933147, 0.924791086350975], "auc": [0.8611434108527132, 0.7650103519668737, 0.9337758112094395, 0.8675010789814415, 0.8937145940113298, 0.8983233532934132, 0.8334577114427861, 0.823628364389234, 0.9029498525073746, 0.896741476046612]}, "test": {"f1": [0.5862068965517241, 0.47058823529411764, 0.3902439024390244, 0.5789473684210527, 0.46153846153846156, 0.5909090909090909, 0.5106382978723404, 0.48148148148148145, 0.5116279069767442, 0.5531914893617021], "precision": [0.68, 0.42857142857142855, 0.4, 0.55, 0.41379310344827586, 0.5, 0.46153846153846156, 0.4482758620689655, 0.55, 0.5416666666666666], "recall": [0.5151515151515151, 0.5217391304347826, 0.38095238095238093, 0.6111111111111112, 0.5217391304347826, 0.7222222222222222, 0.5714285714285714, 0.52, 0.4782608695652174, 0.5652173913043478], "acc": [0.9333333333333333, 0.925, 0.9305555555555556, 0.9555555555555556, 0.9222222222222223, 0.95, 0.9361111111111111, 0.9222222222222223, 0.9416666666666667, 0.9416666666666667], "auc": [0.9072375127420998, 0.8462133918204102, 0.8606545863183032, 0.8742690058479532, 0.9135595407044252, 0.9385964912280702, 0.9065880039331367, 0.8751044776119403, 0.8614372339053026, 0.874725841826861]}}