{"param": {"class_weight": "balanced", "max_depth": 25, "min_samples_leaf": 1, "min_samples_split": 5, "n_estimators": 50}, "valid": {"f1": [0.2962962962962963, 0.47619047619047616, 0.6046511627906976, 0.5384615384615384, 0.4897959183673469, 0.4, 0.4878048780487805, 0.4, 0.5416666666666666, 0.4897959183673469], "precision": [0.3333333333333333, 0.5263157894736842, 0.5652173913043478, 0.5833333333333334, 0.4444444444444444, 0.4, 0.5882352941176471, 0.47058823529411764, 0.4642857142857143, 0.5714285714285714], "recall": [0.26666666666666666, 0.43478260869565216, 0.65, 0.5, 0.5454545454545454, 0.4, 0.4166666666666667, 0.34782608695652173, 0.65, 0.42857142857142855], "acc": [0.947075208913649, 0.9387186629526463, 0.9526462395543176, 0.9331476323119777, 0.9303621169916435, 0.9164345403899722, 0.9415041782729805, 0.9331476323119777, 0.9387186629526463, 0.9303621169916435], "auc": [0.8009689922480621, 0.7721273291925466, 0.9104719764011799, 0.813767803193785, 0.894388993795522, 0.9062275449101798, 0.8226368159203981, 0.8091356107660456, 0.8862094395280237, 0.8591929218817437]}, "test": {"f1": [0.46153846153846156, 0.5777777777777777, 0.425531914893617, 0.4897959183673469, 0.4888888888888889, 0.52, 0.6382978723404256, 0.5490196078431373, 0.5454545454545454, 0.5641025641025641], "precision": [0.631578947368421, 0.5909090909090909, 0.38461538461538464, 0.3870967741935484, 0.5, 0.40625, 0.5769230769230769, 0.5384615384615384, 0.5714285714285714, 0.6875], "recall": [0.36363636363636365, 0.5652173913043478, 0.47619047619047616, 0.6666666666666666, 0.4782608695652174, 0.7222222222222222, 0.7142857142857143, 0.56, 0.5217391304347826, 0.4782608695652174], "acc": [0.9222222222222223, 0.9472222222222222, 0.925, 0.9305555555555556, 0.9361111111111111, 0.9333333333333333, 0.9527777777777777, 0.9361111111111111, 0.9444444444444444, 0.9527777777777777], "auc": [0.9253081271429895, 0.8764675525738614, 0.8355106054221099, 0.8529889538661468, 0.9044639401367566, 0.8921377517868746, 0.889731703890996, 0.8592238805970149, 0.8295703780157399, 0.8743387949941943]}}