{"param": {"class_weight": null, "max_depth": -1, "min_child_samples": 30, "n_estimators": 100, "num_leaves": 99}, "valid": {"f1": [0.18181818181818182, 0.23529411764705882, 0.5714285714285714, 0.625, 0.5714285714285714, 0.43902439024390244, 0.35294117647058826, 0.5263157894736842, 0.5263157894736842, 0.3684210526315789], "precision": [0.2857142857142857, 0.36363636363636365, 0.6666666666666666, 0.75, 0.7692307692307693, 0.5625, 0.6, 0.6666666666666666, 0.5555555555555556, 0.7], "recall": [0.13333333333333333, 0.17391304347826086, 0.5, 0.5357142857142857, 0.45454545454545453, 0.36, 0.25, 0.43478260869565216, 0.5, 0.25], "acc": [0.9498607242339833, 0.9275766016713092, 0.958217270194986, 0.9498607242339833, 0.958217270194986, 0.935933147632312, 0.9387186629526463, 0.9498607242339833, 0.9498607242339833, 0.9331476323119777], "auc": [0.7364341085271318, 0.7751035196687371, 0.8884218289085545, 0.8607574449719464, 0.8887240356083085, 0.9041916167664671, 0.7763681592039801, 0.7922489648033125, 0.891519174041298, 0.8637246439361244]}, "test": {"f1": [0.43137254901960786, 0.5405405405405406, 0.45714285714285713, 0.45161290322580644, 0.3888888888888889, 0.5454545454545454, 0.5714285714285714, 0.5238095238095238, 0.5555555555555556, 0.5294117647058824], "precision": [0.6111111111111112, 0.7142857142857143, 0.5714285714285714, 0.5384615384615384, 0.5384615384615384, 0.6, 0.7142857142857143, 0.6470588235294118, 0.7692307692307693, 0.8181818181818182], "recall": [0.3333333333333333, 0.43478260869565216, 0.38095238095238093, 0.3888888888888889, 0.30434782608695654, 0.5, 0.47619047619047616, 0.44, 0.43478260869565216, 0.391304347826087], "acc": [0.9194444444444444, 0.9527777777777777, 0.9472222222222222, 0.9527777777777777, 0.9388888888888889, 0.9583333333333334, 0.9583333333333334, 0.9444444444444444, 0.9555555555555556, 0.9555555555555556], "auc": [0.8964878139190066, 0.8889820668300864, 0.8393032729315915, 0.8698018193632229, 0.8650496710101923, 0.8843404808317089, 0.8623402163225172, 0.8679402985074627, 0.8587279060766353, 0.8744678106050832]}}