{"param": {"class_weight": null, "gamma": 1, "learning_rate": 0.1, "max_depth": null, "min_child_weight": 1, "n_estimators": 100, "scale_pos_weight": 10}, "valid": {"f1": [0.2727272727272727, 0.35, 0.5945945945945946, 0.52, 0.5777777777777777, 0.6222222222222222, 0.46153846153846156, 0.43243243243243246, 0.5263157894736842, 0.4489795918367347], "precision": [0.42857142857142855, 0.4117647058823529, 0.6470588235294118, 0.5909090909090909, 0.5652173913043478, 0.7, 0.6, 0.5714285714285714, 0.5555555555555556, 0.5238095238095238], "recall": [0.2, 0.30434782608695654, 0.55, 0.4642857142857143, 0.5909090909090909, 0.56, 0.375, 0.34782608695652173, 0.5, 0.39285714285714285], "acc": [0.9554317548746518, 0.9275766016713092, 0.958217270194986, 0.9331476323119777, 0.947075208913649, 0.9526462395543176, 0.9415041782729805, 0.9415041782729805, 0.9498607242339833, 0.924791086350975], "auc": [0.8452519379844962, 0.7863612836438924, 0.9370206489675516, 0.8405265429434614, 0.87415700026976, 0.9070658682634729, 0.8524875621890547, 0.8218167701863355, 0.8976401179941004, 0.8830384117393181]}, "test": {"f1": [0.5818181818181818, 0.5454545454545454, 0.4864864864864865, 0.45714285714285713, 0.46511627906976744, 0.625, 0.5652173913043478, 0.5, 0.4878048780487805, 0.5641025641025641], "precision": [0.7272727272727273, 0.5714285714285714, 0.5625, 0.47058823529411764, 0.5, 0.7142857142857143, 0.52, 0.5217391304347826, 0.5555555555555556, 0.6875], "recall": [0.48484848484848486, 0.5217391304347826, 0.42857142857142855, 0.4444444444444444, 0.43478260869565216, 0.5555555555555556, 0.6190476190476191, 0.48, 0.43478260869565216, 0.4782608695652174], "acc": [0.9361111111111111, 0.9444444444444444, 0.9472222222222222, 0.9472222222222222, 0.9361111111111111, 0.9666666666666667, 0.9444444444444444, 0.9333333333333333, 0.9416666666666667, 0.9527777777777777], "auc": [0.901399314243351, 0.873306670107083, 0.8474504846186262, 0.8635477582846003, 0.9074958069926461, 0.9337231968810916, 0.9016715830875123, 0.8662686567164178, 0.8464714230421881, 0.8766610759901948]}}