{"param": {"class_weight": null, "gamma": 0.01, "learning_rate": 0.1, "max_depth": 9, "min_child_weight": 1, "n_estimators": 100, "scale_pos_weight": 5}, "valid": {"f1": [0.3333333333333333, 0.3, 0.6842105263157895, 0.6, 0.48, 0.5490196078431373, 0.37209302325581395, 0.4, 0.5909090909090909, 0.46808510638297873], "precision": [0.3333333333333333, 0.35294117647058826, 0.7222222222222222, 0.6818181818181818, 0.42857142857142855, 0.5384615384615384, 0.42105263157894735, 0.47058823529411764, 0.5416666666666666, 0.5789473684210527], "recall": [0.3333333333333333, 0.2608695652173913, 0.65, 0.5357142857142857, 0.5454545454545454, 0.56, 0.3333333333333333, 0.34782608695652173, 0.65, 0.39285714285714285], "acc": [0.9442896935933147, 0.9220055710306406, 0.9665738161559888, 0.9442896935933147, 0.9275766016713092, 0.935933147632312, 0.924791086350975, 0.9331476323119777, 0.9498607242339833, 0.9303621169916435], "auc": [0.8079457364341085, 0.7684394409937887, 0.9013274336283186, 0.868202416918429, 0.8790126787159428, 0.9211976047904192, 0.7838308457711443, 0.7881081780538302, 0.9179203539823009, 0.8301683211048769]}, "test": {"f1": [0.5357142857142857, 0.5238095238095238, 0.47368421052631576, 0.5365853658536586, 0.5777777777777777, 0.5238095238095238, 0.44, 0.5416666666666666, 0.6046511627906976, 0.5555555555555556], "precision": [0.6521739130434783, 0.5789473684210527, 0.5294117647058824, 0.4782608695652174, 0.5909090909090909, 0.4583333333333333, 0.3793103448275862, 0.5652173913043478, 0.65, 0.7692307692307693], "recall": [0.45454545454545453, 0.4782608695652174, 0.42857142857142855, 0.6111111111111112, 0.5652173913043478, 0.6111111111111112, 0.5238095238095238, 0.52, 0.5652173913043478, 0.43478260869565216], "acc": [0.9277777777777778, 0.9444444444444444, 0.9444444444444444, 0.9472222222222222, 0.9472222222222222, 0.9444444444444444, 0.9222222222222223, 0.9388888888888889, 0.9527777777777777, 0.9555555555555556], "auc": [0.9037160596793625, 0.9000129015610888, 0.8447113358617783, 0.8810916179337231, 0.8863372468068637, 0.8908382066276802, 0.8456243854473943, 0.8694925373134329, 0.8386014707779641, 0.8578247968004129]}}