{"param": {"class_weight": "balanced", "learning_rate": 0.3, "max_depth": 7, "min_samples_split": 2, "n_estimators": 130}, "valid": {"f1": [0.13333333333333333, 0.3333333333333333, 0.47619047619047616, 0.23529411764705882, 0.43478260869565216, 0.3157894736842105, 0.0, 0.2222222222222222, 0.19047619047619047, 0.2857142857142857], "precision": [0.08333333333333333, 0.42857142857142855, 0.4166666666666667, 0.2, 0.3333333333333333, 0.23076923076923078, 0.0, 0.16666666666666666, 0.13333333333333333, 0.2727272727272727], "recall": [0.3333333333333333, 0.2727272727272727, 0.5555555555555556, 0.2857142857142857, 0.625, 0.5, 0.0, 0.3333333333333333, 0.3333333333333333, 0.3], "acc": [0.9144736842105263, 0.9210526315789473, 0.9276315789473685, 0.9144736842105263, 0.9144736842105263, 0.9144736842105263, 0.9078947368421053, 0.9078947368421053, 0.8881578947368421, 0.9013157894736842], "auc": [0.6487695749440716, 0.8491295938104448, 0.7466977466977466, 0.7950738916256158, 0.8385416666666667, 0.7842465753424657, 0.6453993055555556, 0.7990867579908676, 0.7374429223744292, 0.7838028169014084]}, "test": {"f1": [0.45454545454545453, 0.35294117647058826, 0.3448275862068966, 0.5454545454545454, 0.4, 0.375, 0.2857142857142857, 0.2857142857142857, 0.2222222222222222, 0.5714285714285714], "precision": [0.3333333333333333, 0.2727272727272727, 0.2631578947368421, 0.42857142857142855, 0.36363636363636365, 0.3, 0.2222222222222222, 0.2, 0.16666666666666666, 0.5454545454545454], "recall": [0.7142857142857143, 0.5, 0.5, 0.75, 0.4444444444444444, 0.5, 0.4, 0.5, 0.3333333333333333, 0.6], "acc": [0.9215686274509803, 0.9281045751633987, 0.8758169934640523, 0.9673202614379085, 0.9215686274509803, 0.934640522875817, 0.934640522875817, 0.934640522875817, 0.9084967320261438, 0.9411764705882353], "auc": [0.949119373776908, 0.7052154195011338, 0.8867132867132866, 0.9144295302013423, 0.8186728395061728, 0.8424036281179138, 0.9310810810810811, 0.8859060402684564, 0.753968253968254, 0.7982517482517483]}}