{"param": {"class_weight": "balanced", "criterion": "gini", "max_depth": 30, "min_samples_leaf": 3, "min_samples_split": 2}, "valid": {"f1": [0.08, 0.3076923076923077, 0.21052631578947367, 0.1, 0.2962962962962963, 0.10526315789473684, 0.2608695652173913, 0.16, 0.16666666666666666, 0.1875], "precision": [0.045454545454545456, 0.26666666666666666, 0.2, 0.07692307692307693, 0.21052631578947367, 0.07692307692307693, 0.2, 0.10526315789473684, 0.1111111111111111, 0.13636363636363635], "recall": [0.3333333333333333, 0.36363636363636365, 0.2222222222222222, 0.14285714285714285, 0.5, 0.16666666666666666, 0.375, 0.3333333333333333, 0.3333333333333333, 0.3], "acc": [0.8486842105263158, 0.881578947368421, 0.9013157894736842, 0.881578947368421, 0.875, 0.8881578947368421, 0.8881578947368421, 0.8618421052631579, 0.868421052631579, 0.8289473684210527], "auc": [0.5950782997762863, 0.6399097356544166, 0.5854700854700855, 0.5334975369458128, 0.7087673611111112, 0.5456621004566211, 0.6362847222222221, 0.5953196347031963, 0.6158675799086758, 0.581338028169014]}, "test": {"f1": [0.35294117647058826, 0.25, 0.17391304347826086, 0.0, 0.15384615384615385, 0.2857142857142857, 0.11764705882352941, 0.0, 0.09523809523809523, 0.19047619047619047], "precision": [0.2222222222222222, 0.2, 0.15384615384615385, 0.0, 0.11764705882352941, 0.2, 0.08333333333333333, 0.0, 0.06666666666666667, 0.18181818181818182], "recall": [0.8571428571428571, 0.3333333333333333, 0.2, 0.0, 0.2222222222222222, 0.5, 0.2, 0.0, 0.16666666666666666, 0.2], "acc": [0.8562091503267973, 0.9215686274509803, 0.8758169934640523, 0.9281045751633987, 0.8562091503267973, 0.9019607843137255, 0.9019607843137255, 0.869281045751634, 0.8758169934640523, 0.8888888888888888], "auc": [0.8542074363992173, 0.645124716553288, 0.5636363636363637, 0.47651006711409394, 0.5543981481481481, 0.7063492063492064, 0.5662162162162162, 0.4463087248322148, 0.540249433106576, 0.5678321678321678]}}