{"param": {"class_weight": null, "gamma": 0, "learning_rate": 0.1, "max_depth": null, "min_child_weight": 1, "n_estimators": 35, "scale_pos_weight": 9}, "valid": {"f1": [0.18181818181818182, 0.1111111111111111, 0.125, 0.13333333333333333, 0.3, 0.3076923076923077, 0.3, 0.42857142857142855, 0.10526315789473684, 0.19047619047619047], "precision": [0.125, 0.14285714285714285, 0.14285714285714285, 0.125, 0.25, 0.2857142857142857, 0.25, 0.375, 0.07692307692307693, 0.18181818181818182], "recall": [0.3333333333333333, 0.09090909090909091, 0.1111111111111111, 0.14285714285714285, 0.375, 0.3333333333333333, 0.375, 0.5, 0.16666666666666666, 0.2], "acc": [0.9407894736842105, 0.8947368421052632, 0.9078947368421053, 0.9144736842105263, 0.9078947368421053, 0.9407894736842105, 0.9078947368421053, 0.9473684210526315, 0.8881578947368421, 0.8881578947368421], "auc": [0.7651006711409396, 0.8143133462282398, 0.7202797202797203, 0.6669950738916256, 0.8472222222222222, 0.6289954337899543, 0.6336805555555556, 0.8321917808219178, 0.699771689497717, 0.6443661971830986]}, "test": {"f1": [0.5555555555555556, 0.16666666666666666, 0.2, 0.2222222222222222, 0.2222222222222222, 0.3333333333333333, 0.2727272727272727, 0.14285714285714285, 0.21052631578947367, 0.42105263157894735], "precision": [0.45454545454545453, 0.16666666666666666, 0.2, 0.2, 0.2222222222222222, 0.25, 0.17647058823529413, 0.1, 0.15384615384615385, 0.4444444444444444], "recall": [0.7142857142857143, 0.16666666666666666, 0.2, 0.25, 0.2222222222222222, 0.5, 0.6, 0.25, 0.3333333333333333, 0.4], "acc": [0.9477124183006536, 0.934640522875817, 0.8954248366013072, 0.954248366013072, 0.9084967320261438, 0.9215686274509803, 0.8954248366013072, 0.9215686274509803, 0.9019607843137255, 0.9281045751633987], "auc": [0.9334637964774951, 0.7018140589569161, 0.7622377622377622, 0.8624161073825504, 0.7368827160493827, 0.7868480725623583, 0.8770270270270271, 0.8120805369127517, 0.8696145124716553, 0.7832167832167832]}}