{"param": {"class_weight": "balanced", "learning_rate": 0.3, "max_depth": 4, "min_samples_split": 3, "n_estimators": 50}, "valid": {"f1": [0.0, 0.45454545454545453, 0.1, 0.18181818181818182, 0.23529411764705882, 0.3333333333333333, 0.23529411764705882, 0.35294117647058826, 0.19047619047619047, 0.10526315789473684], "precision": [0.0, 0.45454545454545453, 0.09090909090909091, 0.25, 0.2222222222222222, 0.3333333333333333, 0.2222222222222222, 0.2727272727272727, 0.13333333333333333, 0.1111111111111111], "recall": [0.0, 0.45454545454545453, 0.1111111111111111, 0.14285714285714285, 0.25, 0.3333333333333333, 0.25, 0.5, 0.3333333333333333, 0.1], "acc": [0.9342105263157895, 0.9210526315789473, 0.881578947368421, 0.9407894736842105, 0.9144736842105263, 0.9473684210526315, 0.9144736842105263, 0.9276315789473685, 0.8881578947368421, 0.8881578947368421], "auc": [0.7181208053691275, 0.8504190844616377, 0.7078477078477079, 0.6167487684729064, 0.78125, 0.6027397260273972, 0.6310763888888888, 0.83675799086758, 0.6175799086757991, 0.6288732394366197]}, "test": {"f1": [0.5263157894736842, 0.16666666666666666, 0.43478260869565216, 0.3076923076923077, 0.3157894736842105, 0.3333333333333333, 0.3157894736842105, 0.13333333333333333, 0.2857142857142857, 0.3157894736842105], "precision": [0.4166666666666667, 0.16666666666666666, 0.38461538461538464, 0.2222222222222222, 0.3, 0.3333333333333333, 0.21428571428571427, 0.09090909090909091, 0.25, 0.3333333333333333], "recall": [0.7142857142857143, 0.16666666666666666, 0.5, 0.5, 0.3333333333333333, 0.3333333333333333, 0.6, 0.25, 0.3333333333333333, 0.3], "acc": [0.9411764705882353, 0.934640522875817, 0.9150326797385621, 0.9411764705882353, 0.9150326797385621, 0.9477124183006536, 0.9150326797385621, 0.9150326797385621, 0.934640522875817, 0.9150326797385621], "auc": [0.9637964774951077, 0.6065759637188209, 0.8055944055944056, 0.8825503355704699, 0.7013888888888888, 0.7346938775510204, 0.8162162162162162, 0.7634228187919463, 0.8514739229024944, 0.7517482517482517]}}