{"param": {"class_weight": "balanced", "criterion": "gini", "max_depth": null, "min_samples_leaf": 1, "min_samples_split": 3}, "valid": {"f1": [0.21052631578947367, 0.4444444444444444, 0.14814814814814814, 0.21052631578947367, 0.45454545454545453, 0.125, 0.23529411764705882, 0.21052631578947367, 0.21052631578947367, 0.14814814814814814], "precision": [0.125, 0.375, 0.1111111111111111, 0.16666666666666666, 0.35714285714285715, 0.1, 0.2222222222222222, 0.15384615384615385, 0.15384615384615385, 0.11764705882352941], "recall": [0.6666666666666666, 0.5454545454545454, 0.2222222222222222, 0.2857142857142857, 0.625, 0.16666666666666666, 0.25, 0.3333333333333333, 0.3333333333333333, 0.2], "acc": [0.9013157894736842, 0.9013157894736842, 0.8486842105263158, 0.9013157894736842, 0.9210526315789473, 0.9078947368421053, 0.9144736842105263, 0.9013157894736842, 0.9013157894736842, 0.8486842105263158], "auc": [0.79082774049217, 0.7343649258542875, 0.5582750582750583, 0.6044334975369456, 0.7764756944444444, 0.5496575342465754, 0.5985243055555556, 0.632420091324201, 0.627283105022831, 0.5514084507042253]}, "test": {"f1": [0.32, 0.5, 0.5, 0.15384615384615385, 0.23529411764705882, 0.21052631578947367, 0.35294117647058826, 0.0, 0.18181818181818182, 0.24], "precision": [0.2222222222222222, 0.35714285714285715, 0.42857142857142855, 0.1111111111111111, 0.25, 0.15384615384615385, 0.25, 0.0, 0.125, 0.2], "recall": [0.5714285714285714, 0.8333333333333334, 0.6, 0.25, 0.2222222222222222, 0.3333333333333333, 0.6, 0.0, 0.3333333333333333, 0.3], "acc": [0.8888888888888888, 0.934640522875817, 0.9215686274509803, 0.9281045751633987, 0.9150326797385621, 0.9019607843137255, 0.9281045751633987, 0.9281045751633987, 0.8823529411764706, 0.8758169934640523], "auc": [0.7382583170254403, 0.8934240362811792, 0.7685314685314686, 0.6015100671140939, 0.5941358024691359, 0.6275510204081632, 0.7817567567567567, 0.47651006711409394, 0.6247165532879818, 0.6153846153846154]}}