{"param": {"class_weight": "balanced", "max_depth": 15, "min_child_samples": 10, "n_estimators": 35, "num_leaves": 33}, "valid": {"f1": [0.2222222222222222, 0.2222222222222222, 0.3076923076923077, 0.0, 0.26666666666666666, 0.4, 0.2857142857142857, 0.3076923076923077, 0.23529411764705882, 0.10526315789473684], "precision": [0.16666666666666666, 0.2857142857142857, 0.5, 0.0, 0.2857142857142857, 0.5, 0.3333333333333333, 0.2857142857142857, 0.18181818181818182, 0.1111111111111111], "recall": [0.3333333333333333, 0.18181818181818182, 0.2222222222222222, 0.0, 0.25, 0.3333333333333333, 0.25, 0.3333333333333333, 0.3333333333333333, 0.1], "acc": [0.9539473684210527, 0.9078947368421053, 0.9407894736842105, 0.9342105263157895, 0.9276315789473685, 0.9605263157894737, 0.9342105263157895, 0.9407894736842105, 0.9144736842105263, 0.8881578947368421], "auc": [0.7628635346756152, 0.8188265635074146, 0.763014763014763, 0.6423645320197044, 0.8480902777777778, 0.5970319634703197, 0.6302083333333334, 0.6906392694063928, 0.6643835616438357, 0.6482394366197183]}, "test": {"f1": [0.5, 0.2, 0.2, 0.5, 0.3333333333333333, 0.2857142857142857, 0.125, 0.0, 0.26666666666666666, 0.375], "precision": [0.38461538461538464, 0.25, 0.2, 0.5, 0.3333333333333333, 0.25, 0.09090909090909091, 0.0, 0.2222222222222222, 0.5], "recall": [0.7142857142857143, 0.16666666666666666, 0.2, 0.5, 0.3333333333333333, 0.3333333333333333, 0.2, 0.0, 0.3333333333333333, 0.3], "acc": [0.934640522875817, 0.9477124183006536, 0.8954248366013072, 0.9738562091503268, 0.9215686274509803, 0.934640522875817, 0.9084967320261438, 0.9477124183006536, 0.9281045751633987, 0.934640522875817], "auc": [0.9608610567514677, 0.7732426303854876, 0.73006993006993, 0.8489932885906041, 0.7029320987654322, 0.7063492063492063, 0.8337837837837838, 0.761744966442953, 0.808390022675737, 0.7101398601398601]}}