{"param": {"class_weight": "balanced", "max_depth": null, "min_samples_leaf": 1, "min_samples_split": 4, "n_estimators": 3}, "valid": {"f1": [0.3333333333333333, 0.2608695652173913, 0.3333333333333333, 0.4, 0.3333333333333333, 0.2857142857142857, 0.07407407407407407, 0.42105263157894735, 0.09523809523809523, 0.0], "precision": [0.2222222222222222, 0.25, 0.3333333333333333, 0.375, 0.25, 0.25, 0.05263157894736842, 0.3076923076923077, 0.06666666666666667, 0.0], "recall": [0.6666666666666666, 0.2727272727272727, 0.3333333333333333, 0.42857142857142855, 0.5, 0.3333333333333333, 0.125, 0.6666666666666666, 0.16666666666666666, 0.0], "acc": [0.9473684210526315, 0.8881578947368421, 0.9210526315789473, 0.9407894736842105, 0.8947368421052632, 0.9342105263157895, 0.8355263157894737, 0.9276315789473685, 0.875, 0.875], "auc": [0.941834451901566, 0.7127659574468085, 0.6495726495726495, 0.7719211822660099, 0.8763020833333334, 0.6775114155251143, 0.5347222222222223, 0.8595890410958904, 0.5422374429223744, 0.5788732394366197]}, "test": {"f1": [0.16666666666666666, 0.14285714285714285, 0.2608695652173913, 0.2857142857142857, 0.23529411764705882, 0.2857142857142857, 0.2857142857142857, 0.1111111111111111, 0.2222222222222222, 0.43478260869565216], "precision": [0.2, 0.125, 0.23076923076923078, 0.2, 0.25, 0.2, 0.1875, 0.07142857142857142, 0.16666666666666666, 0.38461538461538464], "recall": [0.14285714285714285, 0.16666666666666666, 0.3, 0.5, 0.2222222222222222, 0.5, 0.6, 0.25, 0.3333333333333333, 0.5], "acc": [0.934640522875817, 0.9215686274509803, 0.8888888888888888, 0.934640522875817, 0.9150326797385621, 0.9019607843137255, 0.9019607843137255, 0.8954248366013072, 0.9084967320261438, 0.9150326797385621], "auc": [0.7857142857142858, 0.6456916099773243, 0.8174825174825173, 0.7021812080536913, 0.7735339506172839, 0.921201814058957, 0.8385135135135136, 0.6510067114093959, 0.7477324263038547, 0.7255244755244756]}}