{"param": {"class_weight": null, "gamma": 0.01, "learning_rate": 0.1, "max_depth": 9, "min_child_weight": 3, "n_estimators": 100, "scale_pos_weight": 7}, "valid": {"f1": [0.08333333333333333, 0.3333333333333333, 0.3125, 0.18181818181818182, 0.45454545454545453, 0.16, 0.24, 0.2222222222222222, 0.14285714285714285, 0.20689655172413793], "precision": [0.047619047619047616, 0.3076923076923077, 0.21739130434782608, 0.13333333333333333, 0.35714285714285715, 0.10526315789473684, 0.17647058823529413, 0.14285714285714285, 0.09090909090909091, 0.15789473684210525], "recall": [0.3333333333333333, 0.36363636363636365, 0.5555555555555556, 0.2857142857142857, 0.625, 0.3333333333333333, 0.375, 0.5, 0.3333333333333333, 0.3], "acc": [0.8552631578947368, 0.8947368421052632, 0.8552631578947368, 0.881578947368421, 0.9210526315789473, 0.8618421052631579, 0.875, 0.8618421052631579, 0.8421052631578947, 0.8486842105263158], "auc": [0.7002237136465325, 0.8491295938104448, 0.790986790986791, 0.8541871921182266, 0.9210069444444444, 0.6598173515981735, 0.6315104166666666, 0.7836757990867581, 0.7734018264840183, 0.6764084507042253]}, "test": {"f1": [0.45161290322580644, 0.38095238095238093, 0.3333333333333333, 0.3333333333333333, 0.2962962962962963, 0.35714285714285715, 0.3333333333333333, 0.15384615384615385, 0.2857142857142857, 0.3684210526315789], "precision": [0.2916666666666667, 0.26666666666666666, 0.23076923076923078, 0.21428571428571427, 0.2222222222222222, 0.22727272727272727, 0.21052631578947367, 0.09090909090909091, 0.18181818181818182, 0.25], "recall": [1.0, 0.6666666666666666, 0.6, 0.75, 0.4444444444444444, 0.8333333333333334, 0.8, 0.5, 0.6666666666666666, 0.7], "acc": [0.8888888888888888, 0.9150326797385621, 0.8431372549019608, 0.9215686274509803, 0.8758169934640523, 0.8823529411764706, 0.8954248366013072, 0.8562091503267973, 0.869281045751634, 0.8431372549019608], "auc": [0.9481409001956947, 0.8514739229024944, 0.8479020979020979, 0.860738255033557, 0.8333333333333334, 0.9206349206349206, 0.9108108108108108, 0.9177852348993288, 0.8843537414965986, 0.8293706293706293]}}