{"param": {"class_weight": "balanced", "max_depth": null, "min_samples_leaf": 3, "min_samples_split": 2, "n_estimators": 5}, "valid": {"f1": [0.2222222222222222, 0.1, 0.10526315789473684, 0.0, 0.3333333333333333, 0.3333333333333333, 0.1, 0.3333333333333333, 0.3076923076923077, 0.08695652173913043], "precision": [0.16666666666666666, 0.1111111111111111, 0.1, 0.0, 0.5, 0.3333333333333333, 0.08333333333333333, 0.3333333333333333, 0.2857142857142857, 0.07692307692307693], "recall": [0.3333333333333333, 0.09090909090909091, 0.1111111111111111, 0.0, 0.25, 0.3333333333333333, 0.125, 0.3333333333333333, 0.3333333333333333, 0.1], "acc": [0.9539473684210527, 0.881578947368421, 0.8881578947368421, 0.9144736842105263, 0.9473684210526315, 0.9473684210526315, 0.881578947368421, 0.9473684210526315, 0.9407894736842105, 0.8618421052631579], "auc": [0.7751677852348993, 0.7166344294003869, 0.5777000777000777, 0.42512315270935963, 0.6302083333333334, 0.6284246575342465, 0.6102430555555556, 0.8242009132420092, 0.6181506849315068, 0.6499999999999999]}, "test": {"f1": [0.4, 0.4, 0.2, 0.0, 0.16666666666666666, 0.3333333333333333, 0.14285714285714285, 0.25, 0.15384615384615385, 0.09523809523809523], "precision": [0.375, 0.5, 0.2, 0.0, 0.3333333333333333, 0.3333333333333333, 0.1111111111111111, 0.25, 0.14285714285714285, 0.09090909090909091], "recall": [0.42857142857142855, 0.3333333333333333, 0.2, 0.0, 0.1111111111111111, 0.3333333333333333, 0.2, 0.25, 0.16666666666666666, 0.1], "acc": [0.9411764705882353, 0.9607843137254902, 0.8954248366013072, 0.954248366013072, 0.934640522875817, 0.9477124183006536, 0.9215686274509803, 0.9607843137254902, 0.9281045751633987, 0.8758169934640523], "auc": [0.8850293542074363, 0.8356009070294785, 0.772027972027972, 0.8145973154362416, 0.7542438271604938, 0.8724489795918368, 0.65, 0.7667785234899329, 0.8435374149659863, 0.7290209790209791]}}