{"param": {"class_weight": "balanced", "max_depth": -1, "min_child_samples": 10, "n_estimators": 35, "num_leaves": 70}, "valid": {"f1": [0.09523809523809523, 0.37037037037037035, 0.3448275862068966, 0.3333333333333333, 0.42857142857142855, 0.1, 0.16666666666666666, 0.3076923076923077, 0.08333333333333333, 0.27586206896551724], "precision": [0.05555555555555555, 0.3125, 0.25, 0.2727272727272727, 0.3, 0.07142857142857142, 0.125, 0.2, 0.05555555555555555, 0.21052631578947367], "recall": [0.3333333333333333, 0.45454545454545453, 0.5555555555555556, 0.42857142857142855, 0.75, 0.16666666666666666, 0.25, 0.6666666666666666, 0.16666666666666666, 0.4], "acc": [0.875, 0.8881578947368421, 0.875, 0.9210526315789473, 0.8947368421052632, 0.881578947368421, 0.868421052631579, 0.881578947368421, 0.8552631578947368, 0.8618421052631579], "auc": [0.7919463087248322, 0.7456479690522244, 0.7777777777777778, 0.7911330049261084, 0.9366319444444445, 0.5907534246575342, 0.5941840277777779, 0.7557077625570776, 0.759703196347032, 0.6866197183098592]}, "test": {"f1": [0.38461538461538464, 0.3333333333333333, 0.41379310344827586, 0.35294117647058826, 0.2857142857142857, 0.3076923076923077, 0.10526315789473684, 0.16666666666666666, 0.17391304347826086, 0.4117647058823529], "precision": [0.2631578947368421, 0.2222222222222222, 0.3157894736842105, 0.23076923076923078, 0.21052631578947367, 0.2, 0.07142857142857142, 0.1, 0.11764705882352941, 0.2916666666666667], "recall": [0.7142857142857143, 0.6666666666666666, 0.6, 0.75, 0.4444444444444444, 0.6666666666666666, 0.2, 0.5, 0.3333333333333333, 0.7], "acc": [0.8954248366013072, 0.8954248366013072, 0.8888888888888888, 0.9281045751633987, 0.869281045751634, 0.8823529411764706, 0.8888888888888888, 0.869281045751634, 0.8758169934640523, 0.869281045751634], "auc": [0.9246575342465754, 0.8684807256235828, 0.8097902097902098, 0.8875838926174497, 0.743827160493827, 0.891156462585034, 0.8466216216216217, 0.8708053691275168, 0.870748299319728, 0.8381118881118881]}}