{"param": {"class_weight": null, "gamma": 0.1, "learning_rate": 0.05, "max_depth": null, "min_child_weight": 3, "n_estimators": 30, "scale_pos_weight": 9}, "valid": {"f1": [0.0, 0.2857142857142857, 0.3333333333333333, 0.2222222222222222, 0.6153846153846154, 0.3333333333333333, 0.17391304347826086, 0.3333333333333333, 0.16, 0.0], "precision": [0.0, 0.5, 0.6666666666666666, 0.3333333333333333, 0.6666666666666666, 1.0, 0.125, 0.3333333333333333, 0.1, 0.0], "recall": [0.0, 0.2, 0.2222222222222222, 0.16666666666666666, 0.5714285714285714, 0.2, 0.2857142857142857, 0.3333333333333333, 0.4, 0.0], "acc": [0.9473684210526315, 0.9342105263157895, 0.9473684210526315, 0.9539473684210527, 0.9671052631578947, 0.9736842105263158, 0.875, 0.9473684210526315, 0.8618421052631579, 0.9210526315789473], "auc": [0.7718120805369127, 0.8246478873239436, 0.7459207459207459, 0.7950913242009132, 0.8157635467980295, 0.6965986394557823, 0.7039408866995074, 0.7625570776255708, 0.6755102040816326, 0.6056721056721056]}, "test": {"f1": [0.2857142857142857, 0.4, 0.15384615384615385, 0.2857142857142857, 0.2, 0.2, 0.2727272727272727, 0.25, 0.07692307692307693, 0.14285714285714285], "precision": [0.25, 0.5, 0.16666666666666666, 0.3333333333333333, 1.0, 0.2, 0.16666666666666666, 0.25, 0.047619047619047616, 0.25], "recall": [0.3333333333333333, 0.3333333333333333, 0.14285714285714285, 0.25, 0.1111111111111111, 0.2, 0.75, 0.25, 0.2, 0.1], "acc": [0.934640522875817, 0.9607843137254902, 0.9281045751633987, 0.9673202614379085, 0.9477124183006536, 0.9477124183006536, 0.8954248366013072, 0.9607843137254902, 0.8431372549019608, 0.9215686274509803], "auc": [0.854875283446712, 0.9484126984126984, 0.7294520547945206, 0.9278523489932885, 0.7835648148148149, 0.8912162162162162, 0.8590604026845637, 0.8330536912751677, 0.7263513513513513, 0.7667832167832167]}}