{"param": {"class_weight": null, "gamma": 0, "learning_rate": 0.1, "max_depth": 9, "min_child_weight": 3, "n_estimators": 35, "scale_pos_weight": 7}, "valid": {"f1": [0.4, 0.25, 0.26666666666666666, 0.0, 0.13333333333333333, 0.0, 0.36363636363636365, 0.42857142857142855, 0.26666666666666666, 0.21052631578947367], "precision": [0.5, 0.3333333333333333, 0.3333333333333333, 0.0, 0.125, 0.0, 0.5, 0.375, 0.2, 0.2], "recall": [0.3333333333333333, 0.2, 0.2222222222222222, 0.0, 0.14285714285714285, 0.0, 0.2857142857142857, 0.5, 0.4, 0.2222222222222222], "acc": [0.9802631578947368, 0.9210526315789473, 0.9276315789473685, 0.9342105263157895, 0.9144736842105263, 0.9473684210526315, 0.9539473684210527, 0.9473684210526315, 0.9276315789473685, 0.9013157894736842], "auc": [0.8187919463087248, 0.8739436619718309, 0.7218337218337217, 0.6529680365296804, 0.7566502463054187, 0.48775510204081635, 0.5980295566502464, 0.8276255707762558, 0.7428571428571429, 0.6091686091686092]}, "test": {"f1": [0.3333333333333333, 0.2, 0.2857142857142857, 0.0, 0.26666666666666666, 0.3076923076923077, 0.3076923076923077, 0.0, 0.26666666666666666, 0.14285714285714285], "precision": [0.3333333333333333, 0.25, 0.2857142857142857, 0.0, 0.3333333333333333, 0.25, 0.2222222222222222, 0.0, 0.2, 0.25], "recall": [0.3333333333333333, 0.16666666666666666, 0.2857142857142857, 0.0, 0.2222222222222222, 0.4, 0.5, 0.0, 0.4, 0.1], "acc": [0.9477124183006536, 0.9477124183006536, 0.934640522875817, 0.9673202614379085, 0.9281045751633987, 0.9411764705882353, 0.9411764705882353, 0.9607843137254902, 0.9281045751633987, 0.9215686274509803], "auc": [0.91156462585034, 0.7947845804988662, 0.8199608610567515, 0.9161073825503356, 0.6851851851851852, 0.772972972972973, 0.8708053691275168, 0.8506711409395973, 0.8662162162162163, 0.706993006993007]}}