{"param": {"class_weight": null, "criterion": "gini", "max_depth": 10, "min_samples_leaf": 8, "min_samples_split": 2}, "valid": {"f1": [0.4, 0.14285714285714285, 0.0, 0.0, 0.0, 0.0, 0.46153846153846156, 0.3333333333333333, 0.3333333333333333, 0.0], "precision": [0.5, 0.25, 0.0, 0.0, 0.0, 0.0, 0.5, 0.3333333333333333, 0.2857142857142857, 0.0], "recall": [0.3333333333333333, 0.1, 0.0, 0.0, 0.0, 0.0, 0.42857142857142855, 0.3333333333333333, 0.4, 0.0], "acc": [0.9802631578947368, 0.9210526315789473, 0.9342105263157895, 0.9473684210526315, 0.9342105263157895, 0.9473684210526315, 0.9539473684210527, 0.9473684210526315, 0.9473684210526315, 0.8881578947368421], "auc": [0.8478747203579418, 0.7109154929577465, 0.49261849261849266, 0.6210045662100456, 0.5369458128078818, 0.5659863945578232, 0.7068965517241379, 0.8116438356164383, 0.7034013605442178, 0.5714840714840714]}, "test": {"f1": [0.3333333333333333, 0.0, 0.3076923076923077, 0.2, 0.25, 0.0, 0.3333333333333333, 0.5, 0.2, 0.26666666666666666], "precision": [0.3333333333333333, 0.0, 0.3333333333333333, 0.16666666666666666, 0.2857142857142857, 0.0, 0.5, 0.5, 0.2, 0.4], "recall": [0.3333333333333333, 0.0, 0.2857142857142857, 0.25, 0.2222222222222222, 0.0, 0.25, 0.5, 0.2, 0.2], "acc": [0.9477124183006536, 0.954248366013072, 0.9411764705882353, 0.9477124183006536, 0.9215686274509803, 0.934640522875817, 0.9738562091503268, 0.9738562091503268, 0.9477124183006536, 0.9281045751633987], "auc": [0.7182539682539684, 0.4149659863945578, 0.8375733855185911, 0.625, 0.568287037037037, 0.7331081081081081, 0.7651006711409396, 0.9488255033557047, 0.8317567567567568, 0.691958041958042]}}