{"param": {"class_weight": "balanced", "max_depth": 10, "min_samples_leaf": 1, "min_samples_split": 4, "n_estimators": 5}, "valid": {"f1": [0.23529411764705882, 0.23529411764705882, 0.08333333333333333, 0.0, 0.125, 0.0, 0.11764705882352941, 0.17391304347826086, 0.08, 0.08333333333333333], "precision": [0.14285714285714285, 0.2857142857142857, 0.06666666666666667, 0.0, 0.1111111111111111, 0.0, 0.07407407407407407, 0.11764705882352941, 0.05, 0.06666666666666667], "recall": [0.6666666666666666, 0.2, 0.1111111111111111, 0.0, 0.14285714285714285, 0.0, 0.2857142857142857, 0.3333333333333333, 0.2, 0.1111111111111111], "acc": [0.9144736842105263, 0.9144736842105263, 0.8552631578947368, 0.9078947368421053, 0.9078947368421053, 0.9210526315789473, 0.8026315789473685, 0.875, 0.8486842105263158, 0.8552631578947368], "auc": [0.890380313199105, 0.7669014084507042, 0.7257187257187256, 0.5804794520547945, 0.7113300492610838, 0.5761904761904761, 0.5571428571428572, 0.738013698630137, 0.5666666666666668, 0.6169386169386168]}, "test": {"f1": [0.2, 0.0, 0.16666666666666666, 0.4, 0.4, 0.2, 0.18181818181818182, 0.125, 0.2608695652173913, 0.37037037037037035], "precision": [0.14285714285714285, 0.0, 0.11764705882352941, 0.3333333333333333, 0.5, 0.13333333333333333, 0.10344827586206896, 0.08333333333333333, 0.16666666666666666, 0.29411764705882354], "recall": [0.3333333333333333, 0.0, 0.2857142857142857, 0.5, 0.3333333333333333, 0.4, 0.75, 0.25, 0.6, 0.5], "acc": [0.8954248366013072, 0.9215686274509803, 0.869281045751634, 0.9607843137254902, 0.9411764705882353, 0.8954248366013072, 0.8235294117647058, 0.9084967320261438, 0.8888888888888888, 0.8888888888888888], "auc": [0.7613378684807256, 0.5742630385487528, 0.7636986301369864, 0.7726510067114094, 0.783179012345679, 0.7081081081081081, 0.8313758389261745, 0.7927852348993288, 0.902027027027027, 0.756993006993007]}}