{"param": {"class_weight": "balanced", "max_depth": 40, "min_samples_leaf": 1, "min_samples_split": 3, "n_estimators": 3}, "valid": {"f1": [0.16666666666666666, 0.18181818181818182, 0.25806451612903225, 0.14285714285714285, 0.375, 0.1111111111111111, 0.2, 0.37037037037037035, 0.16, 0.17391304347826086], "precision": [0.09523809523809523, 0.13043478260869565, 0.18181818181818182, 0.09090909090909091, 0.3333333333333333, 0.06451612903225806, 0.15384615384615385, 0.23809523809523808, 0.1, 0.14285714285714285], "recall": [0.6666666666666666, 0.3, 0.4444444444444444, 0.3333333333333333, 0.42857142857142855, 0.4, 0.2857142857142857, 0.8333333333333334, 0.4, 0.2222222222222222], "acc": [0.868421052631579, 0.8223684210526315, 0.8486842105263158, 0.8421052631578947, 0.9342105263157895, 0.7894736842105263, 0.8947368421052632, 0.8881578947368421, 0.8618421052631579, 0.875], "auc": [0.7371364653243848, 0.721830985915493, 0.7187257187257187, 0.5747716894977168, 0.7458128078817734, 0.626530612244898, 0.6950738916256158, 0.8898401826484018, 0.7659863945578231, 0.6421911421911422]}, "test": {"f1": [0.2608695652173913, 0.38095238095238093, 0.2631578947368421, 0.3076923076923077, 0.2608695652173913, 0.23529411764705882, 0.23529411764705882, 0.09090909090909091, 0.07692307692307693, 0.2857142857142857], "precision": [0.17647058823529413, 0.26666666666666666, 0.16129032258064516, 0.2222222222222222, 0.21428571428571427, 0.13793103448275862, 0.15384615384615385, 0.05555555555555555, 0.047619047619047616, 0.2222222222222222], "recall": [0.5, 0.6666666666666666, 0.7142857142857143, 0.5, 0.3333333333333333, 0.8, 0.5, 0.25, 0.2, 0.4], "acc": [0.8888888888888888, 0.9150326797385621, 0.8169934640522876, 0.9411764705882353, 0.8888888888888888, 0.8300653594771242, 0.9150326797385621, 0.869281045751634, 0.8431372549019608, 0.869281045751634], "auc": [0.8718820861678005, 0.8339002267573696, 0.7847358121330725, 0.9035234899328859, 0.6647376543209875, 0.8202702702702703, 0.863255033557047, 0.584731543624161, 0.5527027027027027, 0.7902097902097902]}}