{"param": {"class_weight": "balanced", "learning_rate": 0.3, "max_depth": 7, "min_samples_split": 3, "n_estimators": 100}, "valid": {"f1": [0.14285714285714285, 0.3157894736842105, 0.3, 0.13333333333333333, 0.2, 0.13333333333333333, 0.14285714285714285, 0.3157894736842105, 0.1111111111111111, 0.2857142857142857], "precision": [0.09090909090909091, 0.3333333333333333, 0.2727272727272727, 0.1111111111111111, 0.15384615384615385, 0.1, 0.14285714285714285, 0.23076923076923078, 0.07692307692307693, 0.25], "recall": [0.3333333333333333, 0.3, 0.3333333333333333, 0.16666666666666666, 0.2857142857142857, 0.2, 0.14285714285714285, 0.5, 0.2, 0.3333333333333333], "acc": [0.9210526315789473, 0.9144736842105263, 0.9078947368421053, 0.9144736842105263, 0.8947368421052632, 0.9144736842105263, 0.9210526315789473, 0.9144736842105263, 0.8947368421052632, 0.9013157894736842], "auc": [0.6711409395973154, 0.8190140845070422, 0.7606837606837608, 0.6883561643835616, 0.7448275862068965, 0.6619047619047619, 0.7118226600985221, 0.8493150684931507, 0.6843537414965987, 0.7979797979797979]}, "test": {"f1": [0.5, 0.5, 0.3076923076923077, 0.5, 0.4, 0.35294117647058826, 0.2857142857142857, 0.3076923076923077, 0.25, 0.5185185185185185], "precision": [0.35714285714285715, 0.4, 0.21052631578947367, 0.375, 0.36363636363636365, 0.25, 0.2, 0.2222222222222222, 0.18181818181818182, 0.4117647058823529], "recall": [0.8333333333333334, 0.6666666666666666, 0.5714285714285714, 0.75, 0.4444444444444444, 0.6, 0.5, 0.5, 0.4, 0.7], "acc": [0.934640522875817, 0.9477124183006536, 0.8823529411764706, 0.9607843137254902, 0.9215686274509803, 0.9281045751633987, 0.934640522875817, 0.9411764705882353, 0.9215686274509803, 0.9150326797385621], "auc": [0.9761904761904763, 0.7573696145124716, 0.9319960861056752, 0.9496644295302014, 0.8773148148148148, 0.7999999999999999, 0.9295302013422818, 0.8674496644295302, 0.7648648648648648, 0.8311188811188811]}}