{"param": {"class_weight": null, "learning_rate": 0.1, "max_depth": null, "min_samples_split": 7, "n_estimators": 100}, "valid": {"f1": [0.0, 0.3333333333333333, 0.2, 0.0, 0.3076923076923077, 0.0, 0.25, 0.3333333333333333, 0.6, 0.26666666666666666], "precision": [0.0, 1.0, 1.0, 0.0, 0.3333333333333333, 0.0, 1.0, 0.3333333333333333, 0.6, 0.3333333333333333], "recall": [0.0, 0.2, 0.1111111111111111, 0.0, 0.2857142857142857, 0.0, 0.14285714285714285, 0.3333333333333333, 0.6, 0.2222222222222222], "acc": [0.9473684210526315, 0.9473684210526315, 0.9473684210526315, 0.9473684210526315, 0.9407894736842105, 0.9473684210526315, 0.9605263157894737, 0.9473684210526315, 0.9736842105263158, 0.9276315789473685], "auc": [0.7472035794183445, 0.7894366197183098, 0.745143745143745, 0.521689497716895, 0.7300492610837438, 0.4312925170068027, 0.6798029556650247, 0.6974885844748858, 0.8721088435374149, 0.5811965811965812]}, "test": {"f1": [0.36363636363636365, 0.0, 0.5, 0.0, 0.26666666666666666, 0.36363636363636365, 0.5714285714285714, 0.0, 0.2857142857142857, 0.16666666666666666], "precision": [0.4, 0.0, 0.6, 0.0, 0.3333333333333333, 0.3333333333333333, 0.6666666666666666, 0.0, 0.5, 0.5], "recall": [0.3333333333333333, 0.0, 0.42857142857142855, 0.0, 0.2222222222222222, 0.4, 0.5, 0.0, 0.2, 0.1], "acc": [0.954248366013072, 0.9477124183006536, 0.9607843137254902, 0.9673202614379085, 0.9281045751633987, 0.954248366013072, 0.9803921568627451, 0.9673202614379085, 0.9673202614379085, 0.934640522875817], "auc": [0.8979591836734694, 0.7154195011337868, 0.7759295499021527, 0.7885906040268456, 0.7307098765432098, 0.841891891891892, 0.9697986577181208, 0.7315436241610738, 0.7229729729729729, 0.8608391608391609]}}