{"param": {"class_weight": null, "max_depth": -1, "min_child_samples": 20, "n_estimators": 100, "num_leaves": 50}, "valid": {"f1": [0.25, 0.3076923076923077, 0.6153846153846154, 0.2, 0.2222222222222222, 0.0, 0.2222222222222222, 0.2857142857142857, 0.0, 0.0], "precision": [0.2, 0.6666666666666666, 1.0, 0.25, 0.5, 0.0, 0.5, 0.25, 0.0, 0.0], "recall": [0.3333333333333333, 0.2, 0.4444444444444444, 0.16666666666666666, 0.14285714285714285, 0.0, 0.14285714285714285, 0.3333333333333333, 0.0, 0.0], "acc": [0.9605263157894737, 0.9407894736842105, 0.9671052631578947, 0.9473684210526315, 0.9539473684210527, 0.9671052631578947, 0.9539473684210527, 0.9342105263157895, 0.9407894736842105, 0.9342105263157895], "auc": [0.7919463087248322, 0.8056338028169014, 0.7917637917637917, 0.776255707762557, 0.8157635467980295, 0.6170068027210884, 0.5551724137931034, 0.7568493150684932, 0.7122448979591837, 0.6006216006216006]}, "test": {"f1": [0.6666666666666666, 0.25, 0.16666666666666666, 0.4, 0.3076923076923077, 0.4444444444444444, 0.3333333333333333, 0.0, 0.0, 0.0], "precision": [0.6666666666666666, 0.5, 0.2, 1.0, 0.5, 0.5, 0.5, 0.0, 0.0, 0.0], "recall": [0.6666666666666666, 0.16666666666666666, 0.14285714285714285, 0.25, 0.2222222222222222, 0.4, 0.25, 0.0, 0.0, 0.0], "acc": [0.9738562091503268, 0.9607843137254902, 0.934640522875817, 0.9803921568627451, 0.9411764705882353, 0.9673202614379085, 0.9738562091503268, 0.9607843137254902, 0.954248366013072, 0.9281045751633987], "auc": [0.9472789115646258, 0.891156462585034, 0.8556751467710373, 0.8540268456375839, 0.8090277777777778, 0.8324324324324325, 0.9303691275167785, 0.9077181208053691, 0.8959459459459459, 0.7870629370629371]}}