{"param": {"class_weight": "balanced", "criterion": "entropy", "max_depth": null, "min_samples_leaf": 1, "min_samples_split": 7}, "valid": {"f1": [0.09090909090909091, 0.3333333333333333, 0.3870967741935484, 0.09090909090909091, 0.16666666666666666, 0.1111111111111111, 0.0, 0.34782608695652173, 0.17391304347826086, 0.27586206896551724], "precision": [0.05263157894736842, 0.25, 0.2727272727272727, 0.0625, 0.11764705882352941, 0.07692307692307693, 0.0, 0.23529411764705882, 0.1111111111111111, 0.2], "recall": [0.3333333333333333, 0.5, 0.6666666666666666, 0.16666666666666666, 0.2857142857142857, 0.2, 0.0, 0.6666666666666666, 0.4, 0.4444444444444444], "acc": [0.868421052631579, 0.868421052631579, 0.875, 0.868421052631579, 0.868421052631579, 0.8947368421052632, 0.8947368421052632, 0.9013157894736842, 0.875, 0.8618421052631579], "auc": [0.6096196868008948, 0.7003521126760563, 0.7649572649572649, 0.5348173515981736, 0.6009852216748768, 0.5653061224489795, 0.4689655172413793, 0.7842465753424657, 0.6319727891156462, 0.6736596736596737]}, "test": {"f1": [0.4166666666666667, 0.32, 0.24, 0.2727272727272727, 0.38095238095238093, 0.3, 0.07142857142857142, 0.09090909090909091, 0.2857142857142857, 0.4], "precision": [0.2777777777777778, 0.21052631578947367, 0.16666666666666666, 0.16666666666666666, 0.3333333333333333, 0.2, 0.041666666666666664, 0.05555555555555555, 0.1875, 0.3], "recall": [0.8333333333333334, 0.6666666666666666, 0.42857142857142855, 0.75, 0.4444444444444444, 0.6, 0.25, 0.25, 0.6, 0.6], "acc": [0.9084967320261438, 0.8888888888888888, 0.8758169934640523, 0.8954248366013072, 0.9150326797385621, 0.9084967320261438, 0.8300653594771242, 0.869281045751634, 0.9019607843137255, 0.8823529411764706], "auc": [0.8826530612244898, 0.8049886621315192, 0.6712328767123288, 0.8447986577181208, 0.6959876543209875, 0.7702702702702703, 0.5620805369127516, 0.5671140939597316, 0.766891891891892, 0.765034965034965]}}