{"param": {"class_weight": "balanced", "max_depth": 9, "min_child_samples": 20, "n_estimators": 50, "num_leaves": 70}, "valid": {"f1": [0.2, 0.3, 0.26666666666666666, 0.2222222222222222, 0.11764705882352941, 0.0, 0.42857142857142855, 0.42857142857142855, 0.23529411764705882, 0.19047619047619047], "precision": [0.14285714285714285, 0.3, 0.3333333333333333, 0.3333333333333333, 0.1, 0.0, 0.42857142857142855, 0.375, 0.16666666666666666, 0.16666666666666666], "recall": [0.3333333333333333, 0.3, 0.2222222222222222, 0.16666666666666666, 0.14285714285714285, 0.0, 0.42857142857142855, 0.5, 0.4, 0.2222222222222222], "acc": [0.9473684210526315, 0.9078947368421053, 0.9276315789473685, 0.9539473684210527, 0.9013157894736842, 0.9144736842105263, 0.9473684210526315, 0.9473684210526315, 0.9144736842105263, 0.8881578947368421], "auc": [0.785234899328859, 0.834507042253521, 0.6961926961926962, 0.6449771689497716, 0.8167487684729065, 0.4163265306122449, 0.7379310344827585, 0.819634703196347, 0.7129251700680272, 0.5656565656565656]}, "test": {"f1": [0.3076923076923077, 0.0, 0.2857142857142857, 0.0, 0.26666666666666666, 0.26666666666666666, 0.3333333333333333, 0.3076923076923077, 0.26666666666666666, 0.2], "precision": [0.2857142857142857, 0.0, 0.2857142857142857, 0.0, 0.3333333333333333, 0.2, 0.25, 0.2222222222222222, 0.2, 0.2], "recall": [0.3333333333333333, 0.0, 0.2857142857142857, 0.0, 0.2222222222222222, 0.4, 0.5, 0.5, 0.4, 0.2], "acc": [0.9411764705882353, 0.934640522875817, 0.934640522875817, 0.9607843137254902, 0.9281045751633987, 0.9281045751633987, 0.9477124183006536, 0.9411764705882353, 0.9281045751633987, 0.8954248366013072], "auc": [0.8968253968253969, 0.7335600907029478, 0.837573385518591, 0.8892617449664428, 0.7368827160493826, 0.7, 0.8338926174496644, 0.8875838926174496, 0.8783783783783783, 0.7447552447552447]}}