{"param": {"class_weight": "balanced", "max_depth": 30, "min_samples_leaf": 2, "min_samples_split": 5, "n_estimators": 70}, "valid": {"f1": [0.4, 0.2857142857142857, 0.13333333333333333, 0.36363636363636365, 0.36363636363636365, 0.125, 0.0, 0.25, 0.5454545454545454, 0.0], "precision": [0.2857142857142857, 0.25, 0.16666666666666666, 0.4, 1.0, 0.14285714285714285, 0.0, 0.3333333333333333, 0.5454545454545454, 0.0], "recall": [0.6666666666666666, 0.3333333333333333, 0.1111111111111111, 0.3333333333333333, 0.2222222222222222, 0.1111111111111111, 0.0, 0.2, 0.5454545454545454, 0.0], "acc": [0.8695652173913043, 0.8913043478260869, 0.717391304347826, 0.8478260869565217, 0.8478260869565217, 0.6956521739130435, 0.717391304347826, 0.7391304347826086, 0.782608695652174, 0.717391304347826], "auc": [0.7751937984496124, 0.7441860465116279, 0.5735735735735735, 0.6958333333333333, 0.6066066066066066, 0.6351351351351351, 0.6666666666666667, 0.4986111111111111, 0.7298701298701299, 0.5091575091575091]}, "test": {"f1": [0.18181818181818182, 0.23529411764705882, 0.42857142857142855, 0.15384615384615385, 0.15384615384615385, 0.5555555555555556, 0.5333333333333333, 0.3333333333333333, 0.46153846153846156, 0.7272727272727273], "precision": [0.5, 0.16666666666666666, 0.6, 0.1111111111111111, 0.1111111111111111, 0.5, 0.5, 0.2857142857142857, 0.375, 0.6666666666666666], "recall": [0.1111111111111111, 0.4, 0.3333333333333333, 0.25, 0.25, 0.625, 0.5714285714285714, 0.4, 0.6, 0.8], "acc": [0.8125, 0.7291666666666666, 0.8333333333333334, 0.7708333333333334, 0.7708333333333334, 0.8333333333333334, 0.8541666666666666, 0.8333333333333334, 0.8541666666666666, 0.9375], "auc": [0.7378917378917379, 0.6232558139534884, 0.829059829059829, 0.5852272727272727, 0.5454545454545454, 0.8625, 0.7491289198606271, 0.8093023255813954, 0.8418604651162792, 0.8930232558139535]}}