{"param": {"class_weight": "balanced", "max_depth": null, "min_samples_leaf": 2, "min_samples_split": 5, "n_estimators": 3}, "valid": {"f1": [0.2222222222222222, 0.3333333333333333, 0.2857142857142857, 0.25, 0.26666666666666666, 0.5, 0.0, 0.375, 0.21052631578947367, 0.18181818181818182], "precision": [0.16666666666666666, 0.3333333333333333, 0.4, 0.5, 0.3333333333333333, 0.5714285714285714, 0.0, 0.5, 0.25, 0.25], "recall": [0.3333333333333333, 0.3333333333333333, 0.2222222222222222, 0.16666666666666666, 0.2222222222222222, 0.4444444444444444, 0.0, 0.3, 0.18181818181818182, 0.14285714285714285], "acc": [0.8478260869565217, 0.9130434782608695, 0.782608695652174, 0.8695652173913043, 0.7608695652173914, 0.8260869565217391, 0.8260869565217391, 0.782608695652174, 0.6739130434782609, 0.8043478260869565], "auc": [0.6046511627906976, 0.689922480620155, 0.5585585585585585, 0.50625, 0.5480480480480481, 0.7597597597597596, 0.47802197802197793, 0.5708333333333333, 0.5935064935064934, 0.641025641025641]}, "test": {"f1": [0.5882352941176471, 0.3333333333333333, 0.42857142857142855, 0.26666666666666666, 0.46153846153846156, 0.4444444444444444, 0.4, 0.18181818181818182, 0.3076923076923077, 0.5], "precision": [0.625, 0.2857142857142857, 0.6, 0.18181818181818182, 0.3333333333333333, 0.4, 0.6666666666666666, 0.16666666666666666, 0.25, 0.42857142857142855], "recall": [0.5555555555555556, 0.4, 0.3333333333333333, 0.5, 0.75, 0.5, 0.2857142857142857, 0.2, 0.4, 0.6], "acc": [0.8541666666666666, 0.8333333333333334, 0.8333333333333334, 0.7708333333333334, 0.8541666666666666, 0.7916666666666666, 0.875, 0.8125, 0.8125, 0.875], "auc": [0.7678062678062678, 0.7093023255813953, 0.6923076923076923, 0.6931818181818181, 0.7642045454545454, 0.659375, 0.7630662020905925, 0.44651162790697674, 0.7162790697674419, 0.8069767441860466]}}