{"param": {"class_weight": "balanced", "learning_rate": 0.03, "max_depth": 20, "min_samples_leaf": 1, "min_samples_split": 2, "n_estimators": 30}, "valid": {"f1": [0.15384615384615385, 0.13333333333333333, 0.4, 0.26666666666666666, 0.5882352941176471, 0.3157894736842105, 0.3333333333333333, 0.4, 0.5263157894736842, 0.0], "precision": [0.1, 0.08333333333333333, 0.5, 0.2222222222222222, 0.625, 0.3, 0.4, 0.4, 0.625, 0.0], "recall": [0.3333333333333333, 0.3333333333333333, 0.3333333333333333, 0.3333333333333333, 0.5555555555555556, 0.3333333333333333, 0.2857142857142857, 0.4, 0.45454545454545453, 0.0], "acc": [0.7608695652173914, 0.717391304347826, 0.8043478260869565, 0.7608695652173914, 0.8478260869565217, 0.717391304347826, 0.8260869565217391, 0.7391304347826086, 0.8043478260869565, 0.6956521739130435], "auc": [0.5232558139534884, 0.5426356589147286, 0.5885885885885886, 0.7166666666666668, 0.8123123123123124, 0.545045045045045, 0.565934065934066, 0.5916666666666667, 0.5857142857142856, 0.40293040293040294]}, "test": {"f1": [0.25, 0.15384615384615385, 0.5714285714285714, 0.18181818181818182, 0.15384615384615385, 0.5, 0.26666666666666666, 0.2857142857142857, 0.2222222222222222, 0.5714285714285714], "precision": [0.2857142857142857, 0.125, 0.8, 0.14285714285714285, 0.1111111111111111, 0.375, 0.25, 0.2222222222222222, 0.25, 0.4444444444444444], "recall": [0.2222222222222222, 0.2, 0.4444444444444444, 0.25, 0.25, 0.75, 0.2857142857142857, 0.4, 0.2, 0.8], "acc": [0.75, 0.7708333333333334, 0.875, 0.8125, 0.7708333333333334, 0.75, 0.7708333333333334, 0.7916666666666666, 0.8541666666666666, 0.875], "auc": [0.6851851851851851, 0.6162790697674418, 0.7165242165242165, 0.53125, 0.6107954545454546, 0.7734375, 0.4982578397212543, 0.4953488372093024, 0.6511627906976745, 0.944186046511628]}}