{"param": {"class_weight": null, "gamma": 0, "learning_rate": 0.05, "max_depth": 3, "min_child_weight": 1, "n_estimators": 30, "scale_pos_weight": 10}, "valid": {"f1": [0.21428571428571427, 0.20689655172413793, 0.41379310344827586, 0.3333333333333333, 0.48, 0.26666666666666666, 0.42105263157894735, 0.35294117647058826, 0.47058823529411764, 0.2962962962962963], "precision": [0.12, 0.11538461538461539, 0.3, 0.2222222222222222, 0.375, 0.19047619047619047, 0.3333333333333333, 0.25, 0.34782608695652173, 0.2], "recall": [1.0, 1.0, 0.6666666666666666, 0.6666666666666666, 0.6666666666666666, 0.4444444444444444, 0.5714285714285714, 0.6, 0.7272727272727273, 0.5714285714285714], "acc": [0.5217391304347826, 0.5, 0.6304347826086957, 0.6521739130434783, 0.717391304347826, 0.5217391304347826, 0.7608695652173914, 0.5217391304347826, 0.6086956521739131, 0.5869565217391305], "auc": [0.6201550387596899, 0.8604651162790697, 0.6636636636636636, 0.725, 0.7657657657657657, 0.542042042042042, 0.7362637362637362, 0.625, 0.709090909090909, 0.5384615384615384]}, "test": {"f1": [0.45714285714285713, 0.1875, 0.4444444444444444, 0.14285714285714285, 0.13333333333333333, 0.35294117647058826, 0.35714285714285715, 0.12903225806451613, 0.21428571428571427, 0.3333333333333333], "precision": [0.3076923076923077, 0.1111111111111111, 0.3333333333333333, 0.08333333333333333, 0.07692307692307693, 0.23076923076923078, 0.23809523809523808, 0.07692307692307693, 0.13043478260869565, 0.2], "recall": [0.8888888888888888, 0.6, 0.6666666666666666, 0.5, 0.5, 0.75, 0.7142857142857143, 0.4, 0.6, 1.0], "acc": [0.6041666666666666, 0.4583333333333333, 0.6875, 0.5, 0.4583333333333333, 0.5416666666666666, 0.625, 0.4375, 0.5416666666666666, 0.5833333333333334], "auc": [0.7863247863247864, 0.6744186046511628, 0.7578347578347577, 0.5113636363636364, 0.5397727272727273, 0.7765625, 0.7142857142857143, 0.5255813953488373, 0.6976744186046512, 0.8255813953488372]}}