{"param": {"class_weight": "balanced", "criterion": "entropy", "max_depth": 10, "min_samples_leaf": 5, "min_samples_split": 2}, "valid": {"f1": [0.3076923076923077, 0.25, 0.45454545454545453, 0.5333333333333333, 0.47058823529411764, 0.3076923076923077, 0.1111111111111111, 0.25, 0.34782608695652173, 0.19047619047619047], "precision": [0.2, 0.15384615384615385, 0.38461538461538464, 0.4444444444444444, 0.5, 0.23529411764705882, 0.09090909090909091, 0.18181818181818182, 0.3333333333333333, 0.14285714285714285], "recall": [0.6666666666666666, 0.6666666666666666, 0.5555555555555556, 0.6666666666666666, 0.4444444444444444, 0.4444444444444444, 0.14285714285714285, 0.4, 0.36363636363636365, 0.2857142857142857], "acc": [0.8043478260869565, 0.7391304347826086, 0.7391304347826086, 0.8478260869565217, 0.8043478260869565, 0.6086956521739131, 0.6521739130434783, 0.4782608695652174, 0.6739130434782609, 0.6304347826086957], "auc": [0.7286821705426356, 0.6589147286821704, 0.6801801801801802, 0.7708333333333333, 0.6786786786786787, 0.5210210210210211, 0.4304029304029304, 0.47777777777777775, 0.5571428571428572, 0.45970695970695963]}, "test": {"f1": [0.56, 0.21052631578947367, 0.56, 0.11764705882352941, 0.125, 0.4827586206896552, 0.34782608695652173, 0.16666666666666666, 0.2727272727272727, 0.38095238095238093], "precision": [0.4375, 0.14285714285714285, 0.4375, 0.07692307692307693, 0.08333333333333333, 0.3333333333333333, 0.25, 0.10526315789473684, 0.17647058823529413, 0.25], "recall": [0.7777777777777778, 0.4, 0.7777777777777778, 0.25, 0.25, 0.875, 0.5714285714285714, 0.4, 0.6, 0.8], "acc": [0.7708333333333334, 0.6875, 0.7708333333333334, 0.6875, 0.7083333333333334, 0.6875, 0.6875, 0.5833333333333334, 0.6666666666666666, 0.7291666666666666], "auc": [0.7905982905982906, 0.4976744186046511, 0.7877492877492877, 0.4857954545454546, 0.5, 0.8, 0.656794425087108, 0.4976744186046511, 0.6186046511627907, 0.7976744186046512]}}