{"param": {"class_weight": null, "gamma": 1, "learning_rate": 0.05, "max_depth": 9, "min_child_weight": 3, "n_estimators": 20, "scale_pos_weight": 10}, "valid": {"f1": [0.1875, 0.3157894736842105, 0.37037037037037035, 0.35294117647058826, 0.4, 0.25, 0.37037037037037035, 0.32432432432432434, 0.43243243243243246, 0.23076923076923078], "precision": [0.10344827586206896, 0.1875, 0.2777777777777778, 0.21428571428571427, 0.2857142857142857, 0.17391304347826086, 0.25, 0.2222222222222222, 0.3076923076923077, 0.15789473684210525], "recall": [1.0, 1.0, 0.5555555555555556, 1.0, 0.6666666666666666, 0.4444444444444444, 0.7142857142857143, 0.6, 0.7272727272727273, 0.42857142857142855], "acc": [0.43478260869565216, 0.717391304347826, 0.6304347826086957, 0.5217391304347826, 0.6086956521739131, 0.4782608695652174, 0.6304347826086957, 0.45652173913043476, 0.5434782608695652, 0.5652173913043478], "auc": [0.5503875968992248, 0.8682170542635659, 0.6426426426426425, 0.7625, 0.6966966966966966, 0.5, 0.6483516483516484, 0.4680555555555555, 0.5857142857142856, 0.4816849816849817]}, "test": {"f1": [0.36363636363636365, 0.2222222222222222, 0.42424242424242425, 0.13793103448275862, 0.12903225806451613, 0.41025641025641024, 0.3870967741935484, 0.3448275862068966, 0.3225806451612903, 0.2962962962962963], "precision": [0.25, 0.13636363636363635, 0.2916666666666667, 0.08, 0.07407407407407407, 0.25806451612903225, 0.25, 0.20833333333333334, 0.19230769230769232, 0.18181818181818182], "recall": [0.6666666666666666, 0.6, 0.7777777777777778, 0.5, 0.5, 1.0, 0.8571428571428571, 1.0, 1.0, 0.8], "acc": [0.5625, 0.5625, 0.6041666666666666, 0.4791666666666667, 0.4375, 0.5208333333333334, 0.6041666666666666, 0.6041666666666666, 0.5625, 0.6041666666666666], "auc": [0.6823361823361823, 0.5976744186046511, 0.7663817663817664, 0.5426136363636364, 0.5397727272727273, 0.7890625, 0.7369337979094076, 0.7348837209302326, 0.8604651162790697, 0.8558139534883721]}}