{"param": {"class_weight": "balanced", "criterion": "entropy", "max_depth": 10, "min_samples_leaf": 9, "min_samples_split": 2}, "valid": {"f1": [0.21428571428571427, 0.2857142857142857, 0.4, 0.29411764705882354, 0.35714285714285715, 0.3125, 0.35294117647058826, 0.41379310344827586, 0.42857142857142855, 0.23076923076923078], "precision": [0.12, 0.18181818181818182, 0.2857142857142857, 0.17857142857142858, 0.2631578947368421, 0.21739130434782608, 0.3, 0.3157894736842105, 0.2903225806451613, 0.15789473684210525], "recall": [1.0, 0.6666666666666666, 0.6666666666666666, 0.8333333333333334, 0.5555555555555556, 0.5555555555555556, 0.42857142857142855, 0.6, 0.8181818181818182, 0.42857142857142855], "acc": [0.5217391304347826, 0.782608695652174, 0.6086956521739131, 0.4782608695652174, 0.6086956521739131, 0.5217391304347826, 0.7608695652173914, 0.6304347826086957, 0.4782608695652174, 0.5652173913043478], "auc": [0.9263565891472868, 0.8217054263565893, 0.6501501501501501, 0.7229166666666667, 0.6711711711711712, 0.5495495495495495, 0.7271062271062271, 0.5333333333333333, 0.5376623376623377, 0.5695970695970696]}, "test": {"f1": [0.1111111111111111, 0.2857142857142857, 0.42105263157894735, 0.07692307692307693, 0.12121212121212122, 0.45714285714285713, 0.37037037037037035, 0.25, 0.2631578947368421, 0.4], "precision": [0.1111111111111111, 0.1875, 0.27586206896551724, 0.045454545454545456, 0.06896551724137931, 0.2962962962962963, 0.25, 0.15789473684210525, 0.15151515151515152, 0.25], "recall": [0.1111111111111111, 0.6, 0.8888888888888888, 0.25, 0.5, 1.0, 0.7142857142857143, 0.6, 1.0, 1.0], "acc": [0.6666666666666666, 0.6875, 0.5416666666666666, 0.5, 0.3958333333333333, 0.6041666666666666, 0.6458333333333334, 0.625, 0.4166666666666667, 0.6875], "auc": [0.537037037037037, 0.5953488372093023, 0.7464387464387464, 0.4602272727272727, 0.5227272727272727, 0.79375, 0.7038327526132405, 0.713953488372093, 0.813953488372093, 0.9348837209302326]}}