{"param": {"class_weight": "balanced", "learning_rate": 0.03, "max_depth": null, "min_samples_leaf": 8, "min_samples_split": 2, "n_estimators": 10}, "valid": {"f1": [0.23529411764705882, 0.42857142857142855, 0.4, 0.5, 0.3333333333333333, 0.3076923076923077, 0.42105263157894735, 0.4166666666666667, 0.375, 0.19047619047619047], "precision": [0.14285714285714285, 0.2727272727272727, 0.3125, 0.4, 0.3333333333333333, 0.23529411764705882, 0.3333333333333333, 0.35714285714285715, 0.2857142857142857, 0.14285714285714285], "recall": [0.6666666666666666, 1.0, 0.5555555555555556, 0.6666666666666666, 0.3333333333333333, 0.4444444444444444, 0.5714285714285714, 0.5, 0.5454545454545454, 0.2857142857142857], "acc": [0.717391304347826, 0.8260869565217391, 0.6739130434782609, 0.8260869565217391, 0.7391304347826086, 0.6086956521739131, 0.7608695652173914, 0.6956521739130435, 0.5652173913043478, 0.6304347826086957], "auc": [0.7751937984496123, 0.875968992248062, 0.6771771771771772, 0.7708333333333333, 0.7252252252252251, 0.4369369369369369, 0.6172161172161172, 0.5527777777777778, 0.5311688311688312, 0.5164835164835165]}, "test": {"f1": [0.3, 0.3157894736842105, 0.4, 0.11764705882352941, 0.25, 0.4444444444444444, 0.34782608695652173, 0.2727272727272727, 0.47619047619047616, 0.47619047619047616], "precision": [0.2727272727272727, 0.21428571428571427, 0.3125, 0.07692307692307693, 0.15, 0.3157894736842105, 0.25, 0.17647058823529413, 0.3125, 0.3125], "recall": [0.3333333333333333, 0.6, 0.5555555555555556, 0.25, 0.75, 0.75, 0.5714285714285714, 0.6, 1.0, 1.0], "acc": [0.7083333333333334, 0.7291666666666666, 0.6875, 0.6875, 0.625, 0.6875, 0.6875, 0.6666666666666666, 0.7708333333333334, 0.7708333333333334], "auc": [0.6196581196581197, 0.5837209302325581, 0.7863247863247863, 0.5, 0.6363636363636364, 0.8015625000000001, 0.7212543554006969, 0.7813953488372094, 0.8790697674418604, 0.9627906976744187]}}