{"param": {"class_weight": "balanced", "max_depth": -1, "min_child_samples": 25, "n_estimators": 100, "num_leaves": 11}, "valid": {"f1": [0.3333333333333333, 0.375, 0.4166666666666667, 0.5, 0.23529411764705882, 0.3333333333333333, 0.2, 0.43478260869565216, 0.3333333333333333, 0.2222222222222222], "precision": [0.2, 0.23076923076923078, 0.3333333333333333, 0.4, 0.25, 0.26666666666666666, 0.15384615384615385, 0.38461538461538464, 0.2631578947368421, 0.18181818181818182], "recall": [1.0, 1.0, 0.5555555555555556, 0.6666666666666666, 0.2222222222222222, 0.4444444444444444, 0.2857142857142857, 0.5, 0.45454545454545453, 0.2857142857142857], "acc": [0.7391304347826086, 0.782608695652174, 0.6956521739130435, 0.8260869565217391, 0.717391304347826, 0.6521739130434783, 0.6521739130434783, 0.717391304347826, 0.5652173913043478, 0.6956521739130435], "auc": [0.7751937984496124, 0.7829457364341086, 0.6411411411411411, 0.8125, 0.7267267267267267, 0.575075075075075, 0.608058608058608, 0.5847222222222221, 0.6077922077922078, 0.5311355311355311]}, "test": {"f1": [0.42105263157894735, 0.19047619047619047, 0.5454545454545454, 0.25, 0.21052631578947367, 0.4666666666666667, 0.5882352941176471, 0.47619047619047616, 0.4, 0.5555555555555556], "precision": [0.4, 0.125, 0.46153846153846156, 0.16666666666666666, 0.13333333333333333, 0.3181818181818182, 0.5, 0.3125, 0.26666666666666666, 0.38461538461538464], "recall": [0.4444444444444444, 0.4, 0.6666666666666666, 0.5, 0.5, 0.875, 0.7142857142857143, 1.0, 0.8, 1.0], "acc": [0.7708333333333334, 0.6458333333333334, 0.7916666666666666, 0.75, 0.6875, 0.6666666666666666, 0.8541666666666666, 0.7708333333333334, 0.75, 0.8333333333333334], "auc": [0.715099715099715, 0.5953488372093023, 0.8518518518518519, 0.6988636363636364, 0.6704545454545454, 0.840625, 0.7909407665505227, 0.8465116279069768, 0.7883720930232558, 0.9162790697674418]}}