{"param": {"class_weight": "balanced", "max_depth": 8, "min_child_samples": 25, "n_estimators": 120, "num_leaves": 11}, "valid": {"f1": [0.0, 0.5, 0.14285714285714285, 0.4444444444444444, 0.5, 0.16666666666666666, 0.0, 0.5555555555555556, 0.3157894736842105, 0.0], "precision": [0.0, 0.4, 0.2, 0.6666666666666666, 1.0, 0.3333333333333333, 0.0, 0.625, 0.375, 0.0], "recall": [0.0, 0.6666666666666666, 0.1111111111111111, 0.3333333333333333, 0.3333333333333333, 0.1111111111111111, 0.0, 0.5, 0.2727272727272727, 0.0], "acc": [0.8913043478260869, 0.9130434782608695, 0.7391304347826086, 0.8913043478260869, 0.8695652173913043, 0.782608695652174, 0.7608695652173914, 0.8260869565217391, 0.717391304347826, 0.7608695652173914], "auc": [0.7829457364341086, 0.813953488372093, 0.6036036036036037, 0.8791666666666667, 0.7717717717717718, 0.7087087087087087, 0.6593406593406593, 0.7027777777777778, 0.7324675324675325, 0.5347985347985349]}, "test": {"f1": [0.6153846153846154, 0.3076923076923077, 0.46153846153846156, 0.2222222222222222, 0.4444444444444444, 0.6666666666666666, 0.5, 0.2857142857142857, 0.2222222222222222, 0.7272727272727273], "precision": [1.0, 0.25, 0.75, 0.2, 0.4, 1.0, 0.6, 0.5, 0.25, 0.6666666666666666], "recall": [0.4444444444444444, 0.4, 0.3333333333333333, 0.25, 0.5, 0.5, 0.42857142857142855, 0.2, 0.2, 0.8], "acc": [0.8958333333333334, 0.8125, 0.8541666666666666, 0.8541666666666666, 0.8958333333333334, 0.9166666666666666, 0.875, 0.8958333333333334, 0.8541666666666666, 0.9375], "auc": [0.7578347578347578, 0.7488372093023256, 0.7977207977207976, 0.5852272727272727, 0.6818181818181819, 0.765625, 0.6968641114982579, 0.7488372093023257, 0.6697674418604652, 0.8232558139534883]}}