{"param": {"class_weight": "balanced", "learning_rate": 0.03, "max_depth": 10, "min_samples_leaf": 5, "min_samples_split": 2, "n_estimators": 20}, "valid": {"f1": [0.18181818181818182, 0.3076923076923077, 0.4, 0.6666666666666666, 0.6153846153846154, 0.2, 0.0, 0.3333333333333333, 0.2727272727272727, 0.14285714285714285], "precision": [0.125, 0.2, 0.5, 0.6666666666666666, 1.0, 0.3333333333333333, 0.0, 0.3333333333333333, 0.2727272727272727, 0.1111111111111111], "recall": [0.3333333333333333, 0.6666666666666666, 0.3333333333333333, 0.6666666666666666, 0.4444444444444444, 0.14285714285714285, 0.0, 0.3333333333333333, 0.2727272727272727, 0.2], "acc": [0.8043478260869565, 0.8043478260869565, 0.8043478260869565, 0.9130434782608695, 0.8913043478260869, 0.8260869565217391, 0.7608695652173914, 0.7391304347826086, 0.6521739130434783, 0.7391304347826086], "auc": [0.5542635658914729, 0.7984496124031009, 0.5345345345345345, 0.7833333333333333, 0.7927927927927927, 0.5897435897435896, 0.3956043956043956, 0.6951951951951951, 0.5974025974025974, 0.44878048780487806]}, "test": {"f1": [0.26666666666666666, 0.14285714285714285, 0.5, 0.18181818181818182, 0.25, 0.3076923076923077, 0.46153846153846156, 0.15384615384615385, 0.13333333333333333, 0.46153846153846156], "precision": [0.2, 0.09090909090909091, 0.5, 0.14285714285714285, 0.16666666666666666, 0.4, 0.375, 0.125, 0.08333333333333333, 0.375], "recall": [0.4, 0.3333333333333333, 0.5, 0.25, 0.5, 0.25, 0.6, 0.2, 0.3333333333333333, 0.6], "acc": [0.7708333333333334, 0.75, 0.8333333333333334, 0.8125, 0.875, 0.8125, 0.8541666666666666, 0.7708333333333334, 0.7291666666666666, 0.8541666666666666], "auc": [0.7813953488372093, 0.7, 0.65, 0.6079545454545454, 0.5543478260869565, 0.7906249999999999, 0.7023255813953487, 0.5255813953488373, 0.8, 0.8465116279069768]}}