{"param": {"class_weight": "balanced", "max_depth": -1, "min_child_samples": 30, "n_estimators": 110, "num_leaves": 11}, "valid": {"f1": [0.2222222222222222, 0.26666666666666666, 0.36363636363636365, 0.625, 0.23529411764705882, 0.2608695652173913, 0.21052631578947367, 0.48, 0.45161290322580644, 0.125], "precision": [0.13333333333333333, 0.16666666666666666, 0.3076923076923077, 0.5, 0.25, 0.1875, 0.16666666666666666, 0.375, 0.35, 0.09090909090909091], "recall": [0.6666666666666666, 0.6666666666666666, 0.4444444444444444, 0.8333333333333334, 0.2222222222222222, 0.42857142857142855, 0.2857142857142857, 0.6666666666666666, 0.6363636363636364, 0.2], "acc": [0.6956521739130435, 0.7608695652173914, 0.6956521739130435, 0.8695652173913043, 0.717391304347826, 0.6304347826086957, 0.6739130434782609, 0.717391304347826, 0.6304347826086957, 0.6956521739130435], "auc": [0.7364341085271318, 0.7674418604651163, 0.5780780780780781, 0.8791666666666667, 0.6231231231231231, 0.6318681318681318, 0.6062271062271063, 0.6951951951951952, 0.6337662337662338, 0.36585365853658536]}, "test": {"f1": [0.25, 0.14285714285714285, 0.48, 0.4, 0.2, 0.5185185185185185, 0.3157894736842105, 0.2727272727272727, 0.2, 0.5333333333333333], "precision": [0.18181818181818182, 0.09090909090909091, 0.35294117647058826, 0.2727272727272727, 0.1111111111111111, 0.3684210526315789, 0.21428571428571427, 0.17647058823529413, 0.11764705882352941, 0.4], "recall": [0.4, 0.3333333333333333, 0.75, 0.75, 1.0, 0.875, 0.6, 0.6, 0.6666666666666666, 0.8], "acc": [0.75, 0.75, 0.7291666666666666, 0.8125, 0.6666666666666666, 0.7291666666666666, 0.7291666666666666, 0.6666666666666666, 0.6666666666666666, 0.8541666666666666], "auc": [0.6837209302325581, 0.6666666666666666, 0.7468750000000001, 0.7840909090909091, 0.8913043478260869, 0.7875, 0.8511627906976744, 0.813953488372093, 0.8814814814814814, 0.944186046511628]}}