{"param": {"class_weight": "balanced", "max_depth": 5, "min_child_samples": 20, "n_estimators": 110, "num_leaves": 11}, "valid": {"f1": [0.2857142857142857, 0.4, 0.2857142857142857, 0.4, 0.3333333333333333, 0.4, 0.0, 0.42857142857142855, 0.23529411764705882, 0.0], "precision": [0.25, 0.5, 0.4, 0.5, 0.6666666666666666, 0.6666666666666666, 0.0, 0.6, 0.3333333333333333, 0.0], "recall": [0.3333333333333333, 0.3333333333333333, 0.2222222222222222, 0.3333333333333333, 0.2222222222222222, 0.2857142857142857, 0.0, 0.3333333333333333, 0.18181818181818182, 0.0], "acc": [0.8913043478260869, 0.9347826086956522, 0.782608695652174, 0.8695652173913043, 0.8260869565217391, 0.8695652173913043, 0.782608695652174, 0.8260869565217391, 0.717391304347826, 0.8695652173913043], "auc": [0.8992248062015503, 0.7596899224806202, 0.5525525525525525, 0.8666666666666667, 0.7807807807807807, 0.7142857142857142, 0.5897435897435898, 0.6876876876876876, 0.7376623376623377, 0.5219512195121951]}, "test": {"f1": [0.4444444444444444, 0.25, 0.4, 0.2857142857142857, 0.2857142857142857, 0.5, 0.46153846153846156, 0.2857142857142857, 0.3333333333333333, 0.6666666666666666], "precision": [0.5, 0.2, 1.0, 0.3333333333333333, 0.2, 0.75, 0.375, 0.5, 0.3333333333333333, 0.75], "recall": [0.4, 0.3333333333333333, 0.25, 0.25, 0.5, 0.375, 0.6, 0.2, 0.3333333333333333, 0.6], "acc": [0.8958333333333334, 0.875, 0.875, 0.8958333333333334, 0.8958333333333334, 0.875, 0.8541666666666666, 0.8958333333333334, 0.9166666666666666, 0.9375], "auc": [0.7813953488372094, 0.6296296296296295, 0.765625, 0.5852272727272727, 0.5978260869565217, 0.803125, 0.8465116279069768, 0.6837209302325582, 0.8074074074074075, 0.8604651162790697]}}