{"param": {"class_weight": "balanced", "max_depth": null, "min_samples_leaf": 2, "min_samples_split": 2, "n_estimators": 10}, "valid": {"f1": [0.14285714285714285, 0.2, 0.16666666666666666, 0.36363636363636365, 0.36363636363636365, 0.23529411764705882, 0.18181818181818182, 0.21052631578947367, 0.6086956521739131, 0.0], "precision": [0.09090909090909091, 0.14285714285714285, 0.3333333333333333, 0.4, 1.0, 0.2, 0.25, 0.2, 0.5833333333333334, 0.0], "recall": [0.3333333333333333, 0.3333333333333333, 0.1111111111111111, 0.3333333333333333, 0.2222222222222222, 0.2857142857142857, 0.14285714285714285, 0.2222222222222222, 0.6363636363636364, 0.0], "acc": [0.7391304347826086, 0.8260869565217391, 0.782608695652174, 0.8478260869565217, 0.8478260869565217, 0.717391304347826, 0.8043478260869565, 0.6739130434782609, 0.8043478260869565, 0.717391304347826], "auc": [0.7751937984496124, 0.36434108527131787, 0.47147147147147145, 0.7166666666666667, 0.7372372372372371, 0.6227106227106227, 0.7326007326007327, 0.48648648648648646, 0.7012987012987013, 0.4439024390243902]}, "test": {"f1": [0.42857142857142855, 0.15384615384615385, 0.5, 0.25, 0.2222222222222222, 0.5555555555555556, 0.5714285714285714, 0.2857142857142857, 0.5454545454545454, 0.4], "precision": [0.3333333333333333, 0.1, 0.5, 0.25, 0.14285714285714285, 0.5, 0.4444444444444444, 0.2222222222222222, 0.375, 0.4], "recall": [0.6, 0.3333333333333333, 0.5, 0.25, 0.5, 0.625, 0.8, 0.4, 1.0, 0.4], "acc": [0.8333333333333334, 0.7708333333333334, 0.8333333333333334, 0.875, 0.8541666666666666, 0.8333333333333334, 0.875, 0.7916666666666666, 0.8958333333333334, 0.875], "auc": [0.8, 0.5333333333333333, 0.775, 0.7159090909090909, 0.7065217391304348, 0.7999999999999999, 0.9069767441860466, 0.6744186046511629, 0.9555555555555556, 0.8883720930232558]}}