{"param": {"class_weight": "balanced", "max_depth": null, "min_samples_leaf": 1, "min_samples_split": 3, "n_estimators": 3}, "valid": {"f1": [0.0, 0.0, 0.2857142857142857, 0.0, 0.4, 0.5714285714285714, 0.0, 0.2857142857142857, 0.23529411764705882, 0.2222222222222222], "precision": [0.0, 0.0, 0.4, 0.0, 0.5, 0.5714285714285714, 0.0, 0.4, 0.3333333333333333, 0.25], "recall": [0.0, 0.0, 0.2222222222222222, 0.0, 0.3333333333333333, 0.5714285714285714, 0.0, 0.2222222222222222, 0.18181818181818182, 0.2], "acc": [0.8260869565217391, 0.8478260869565217, 0.782608695652174, 0.8260869565217391, 0.8043478260869565, 0.8695652173913043, 0.8043478260869565, 0.782608695652174, 0.717391304347826, 0.8478260869565217], "auc": [0.5426356589147286, 0.37209302325581395, 0.515015015015015, 0.5312499999999999, 0.7252252252252251, 0.6904761904761905, 0.49084249084249076, 0.536036036036036, 0.5532467532467532, 0.5195121951219512]}, "test": {"f1": [0.6, 0.25, 0.4, 0.5714285714285714, 0.2222222222222222, 0.2, 0.6, 0.4444444444444444, 0.2222222222222222, 0.5454545454545454], "precision": [0.6, 0.2, 1.0, 0.6666666666666666, 0.14285714285714285, 0.5, 0.6, 0.5, 0.16666666666666666, 0.5], "recall": [0.6, 0.3333333333333333, 0.25, 0.5, 0.5, 0.125, 0.6, 0.4, 0.3333333333333333, 0.6], "acc": [0.9166666666666666, 0.875, 0.875, 0.9375, 0.8541666666666666, 0.8333333333333334, 0.9166666666666666, 0.8958333333333334, 0.8541666666666666, 0.8958333333333334], "auc": [0.8186046511627907, 0.5222222222222221, 0.6328125, 0.6875, 0.8695652173913043, 0.634375, 0.7255813953488371, 0.6511627906976745, 0.8222222222222222, 0.9348837209302325]}}