{"param": {"class_weight": null, "gamma": 0, "learning_rate": 0.1, "max_depth": 3, "min_child_weight": 1, "n_estimators": 20, "scale_pos_weight": 10}, "valid": {"f1": [0.1111111111111111, 0.2727272727272727, 0.21052631578947367, 0.4166666666666667, 0.6363636363636364, 0.38095238095238093, 0.125, 0.4444444444444444, 0.5294117647058824, 0.11764705882352941], "precision": [0.06666666666666667, 0.15789473684210525, 0.2, 0.2777777777777778, 0.5384615384615384, 0.2857142857142857, 0.1111111111111111, 0.3333333333333333, 0.391304347826087, 0.08333333333333333], "recall": [0.3333333333333333, 1.0, 0.2222222222222222, 0.8333333333333334, 0.7777777777777778, 0.5714285714285714, 0.14285714285714285, 0.6666666666666666, 0.8181818181818182, 0.2], "acc": [0.6521739130434783, 0.6521739130434783, 0.6739130434782609, 0.6956521739130435, 0.8260869565217391, 0.717391304347826, 0.6956521739130435, 0.6739130434782609, 0.6521739130434783, 0.6739130434782609], "auc": [0.627906976744186, 0.7596899224806202, 0.5285285285285285, 0.7625, 0.8588588588588589, 0.6098901098901099, 0.5787545787545787, 0.6501501501501501, 0.6987012987012987, 0.5560975609756098]}, "test": {"f1": [0.35714285714285715, 0.17391304347826086, 0.25, 0.09090909090909091, 0.1111111111111111, 0.37037037037037035, 0.2727272727272727, 0.1111111111111111, 0.17391304347826086, 0.3333333333333333], "precision": [0.21739130434782608, 0.1, 0.1875, 0.05555555555555555, 0.0625, 0.2631578947368421, 0.17647058823529413, 0.07692307692307693, 0.1, 0.21052631578947367], "recall": [1.0, 0.6666666666666666, 0.375, 0.25, 0.5, 0.625, 0.6, 0.2, 0.6666666666666666, 0.8], "acc": [0.625, 0.6041666666666666, 0.625, 0.5833333333333334, 0.6666666666666666, 0.6458333333333334, 0.6666666666666666, 0.6666666666666666, 0.6041666666666666, 0.6666666666666666], "auc": [0.8744186046511628, 0.6074074074074073, 0.740625, 0.5454545454545454, 0.6630434782608696, 0.7437499999999999, 0.8046511627906977, 0.5488372093023256, 0.6962962962962963, 0.8697674418604652]}}