{"param": {"class_weight": "balanced", "criterion": "entropy", "max_depth": 10, "min_samples_leaf": 5, "min_samples_split": 2}, "valid": {"f1": [0.12121212121212122, 0.25, 0.35294117647058826, 0.3157894736842105, 0.4166666666666667, 0.23076923076923078, 0.3333333333333333, 0.3125, 0.4117647058823529, 0.08333333333333333], "precision": [0.06666666666666667, 0.14285714285714285, 0.24, 0.1875, 0.3333333333333333, 0.15789473684210525, 0.2727272727272727, 0.21739130434782608, 0.30434782608695654, 0.05263157894736842], "recall": [0.6666666666666666, 1.0, 0.6666666666666666, 1.0, 0.5555555555555556, 0.42857142857142855, 0.42857142857142855, 0.5555555555555556, 0.6363636363636364, 0.2], "acc": [0.3695652173913043, 0.6086956521739131, 0.5217391304347826, 0.43478260869565216, 0.6956521739130435, 0.5652173913043478, 0.7391304347826086, 0.5217391304347826, 0.5652173913043478, 0.5217391304347826], "auc": [0.5968992248062015, 0.7364341085271318, 0.557057057057057, 0.7125, 0.6876876876876876, 0.5146520146520146, 0.6153846153846153, 0.5285285285285286, 0.5857142857142857, 0.33658536585365856]}, "test": {"f1": [0.27586206896551724, 0.14285714285714285, 0.35294117647058826, 0.08, 0.17391304347826086, 0.3125, 0.3333333333333333, 0.25, 0.2222222222222222, 0.30303030303030304], "precision": [0.16666666666666666, 0.08, 0.23076923076923078, 0.047619047619047616, 0.09523809523809523, 0.20833333333333334, 0.21052631578947367, 0.15789473684210525, 0.125, 0.17857142857142858], "recall": [0.8, 0.6666666666666666, 0.75, 0.25, 1.0, 0.625, 0.8, 0.6, 1.0, 1.0], "acc": [0.5625, 0.5, 0.5416666666666666, 0.5208333333333334, 0.6041666666666666, 0.5416666666666666, 0.6666666666666666, 0.625, 0.5625, 0.5208333333333334], "auc": [0.686046511627907, 0.6444444444444444, 0.625, 0.3977272727272727, 0.75, 0.615625, 0.7395348837209303, 0.586046511627907, 0.9, 0.9651162790697674]}}