{"param": {"class_weight": null, "gamma": 0, "learning_rate": 0.1, "max_depth": 9, "min_child_weight": 1, "n_estimators": 5, "scale_pos_weight": 10}, "valid": {"f1": [0.14285714285714285, 0.2222222222222222, 0.3333333333333333, 0.34285714285714286, 0.37037037037037035, 0.27586206896551724, 0.42105263157894735, 0.15384615384615385, 0.4117647058823529, 0.24], "precision": [0.08, 0.13333333333333333, 0.23809523809523808, 0.20689655172413793, 0.2777777777777778, 0.18181818181818182, 0.3333333333333333, 0.11764705882352941, 0.30434782608695654, 0.15], "recall": [0.6666666666666666, 0.6666666666666666, 0.5555555555555556, 1.0, 0.5555555555555556, 0.5714285714285714, 0.5714285714285714, 0.2222222222222222, 0.6363636363636364, 0.6], "acc": [0.4782608695652174, 0.6956521739130435, 0.5652173913043478, 0.5, 0.6304347826086957, 0.5434782608695652, 0.7608695652173914, 0.5217391304347826, 0.5652173913043478, 0.5869565217391305], "auc": [0.6434108527131783, 0.5387596899224806, 0.47747747747747743, 0.6083333333333333, 0.5855855855855856, 0.5531135531135531, 0.6263736263736264, 0.4174174174174174, 0.6168831168831168, 0.4414634146341464]}, "test": {"f1": [0.2857142857142857, 0.16, 0.4, 0.14814814814814814, 0.14814814814814814, 0.3333333333333333, 0.36363636363636365, 0.18181818181818182, 0.25, 0.21621621621621623], "precision": [0.17391304347826086, 0.09090909090909091, 0.2727272727272727, 0.08695652173913043, 0.08, 0.22727272727272727, 0.23529411764705882, 0.11764705882352941, 0.14285714285714285, 0.125], "recall": [0.8, 0.6666666666666666, 0.75, 0.5, 1.0, 0.625, 0.8, 0.4, 1.0, 0.8], "acc": [0.5833333333333334, 0.5625, 0.625, 0.5208333333333334, 0.5208333333333334, 0.5833333333333334, 0.7083333333333334, 0.625, 0.625, 0.3958333333333333], "auc": [0.6883720930232559, 0.662962962962963, 0.73125, 0.4772727272727273, 0.8586956521739131, 0.7265625, 0.8069767441860465, 0.6093023255813954, 0.9333333333333333, 0.841860465116279]}}