{"param": {"class_weight": "balanced", "learning_rate": 0.05, "max_depth": 20, "min_samples_leaf": 8, "min_samples_split": 2, "n_estimators": 30}, "valid": {"f1": [0.25, 0.2222222222222222, 0.34782608695652173, 0.8, 0.375, 0.23529411764705882, 0.18181818181818182, 0.21052631578947367, 0.42857142857142855, 0.15384615384615385], "precision": [0.15384615384615385, 0.16666666666666666, 0.2857142857142857, 1.0, 0.42857142857142855, 0.2, 0.25, 0.2, 0.35294117647058826, 0.125], "recall": [0.6666666666666666, 0.3333333333333333, 0.4444444444444444, 0.6666666666666666, 0.3333333333333333, 0.2857142857142857, 0.14285714285714285, 0.2222222222222222, 0.5454545454545454, 0.2], "acc": [0.7391304347826086, 0.8478260869565217, 0.6739130434782609, 0.9565217391304348, 0.782608695652174, 0.717391304347826, 0.8043478260869565, 0.6739130434782609, 0.6521739130434783, 0.7608695652173914], "auc": [0.751937984496124, 0.6821705426356589, 0.5345345345345345, 0.8083333333333333, 0.7177177177177176, 0.5073260073260073, 0.5054945054945055, 0.43093093093093093, 0.6805194805194805, 0.526829268292683]}, "test": {"f1": [0.26666666666666666, 0.25, 0.4, 0.16666666666666666, 0.14285714285714285, 0.4166666666666667, 0.42857142857142855, 0.13333333333333333, 0.42857142857142855, 0.47058823529411764], "precision": [0.2, 0.15384615384615385, 0.3333333333333333, 0.125, 0.08333333333333333, 0.3125, 0.3333333333333333, 0.1, 0.2727272727272727, 0.3333333333333333], "recall": [0.4, 0.6666666666666666, 0.5, 0.25, 0.5, 0.625, 0.6, 0.2, 1.0, 0.8], "acc": [0.7708333333333334, 0.75, 0.75, 0.7916666666666666, 0.75, 0.7083333333333334, 0.8333333333333334, 0.7291666666666666, 0.8333333333333334, 0.8125], "auc": [0.7558139534883721, 0.6444444444444444, 0.753125, 0.6079545454545454, 0.8043478260869565, 0.8125000000000001, 0.8325581395348838, 0.7209302325581395, 1.0, 0.9441860465116279]}}