{"param": {"class_weight": "balanced", "criterion": "gini", "max_depth": null, "min_samples_leaf": 3, "min_samples_split": 2}, "valid": {"f1": [0.2, 0.3076923076923077, 0.375, 0.35294117647058826, 0.3333333333333333, 0.5, 0.0, 0.21052631578947367, 0.4444444444444444, 0.0], "precision": [0.14285714285714285, 0.2, 0.42857142857142855, 0.2727272727272727, 0.3333333333333333, 0.6, 0.0, 0.2, 0.375, 0.0], "recall": [0.3333333333333333, 0.6666666666666666, 0.3333333333333333, 0.5, 0.3333333333333333, 0.42857142857142855, 0.0, 0.2222222222222222, 0.5454545454545454, 0.0], "acc": [0.8260869565217391, 0.8043478260869565, 0.782608695652174, 0.7608695652173914, 0.7391304347826086, 0.8695652173913043, 0.7608695652173914, 0.6739130434782609, 0.6739130434782609, 0.8043478260869565], "auc": [0.5930232558139534, 0.7868217054263565, 0.6201201201201201, 0.6354166666666667, 0.578078078078078, 0.684981684981685, 0.44871794871794873, 0.496996996996997, 0.6012987012987013, 0.45121951219512196]}, "test": {"f1": [0.23529411764705882, 0.14285714285714285, 0.375, 0.125, 0.2, 0.375, 0.4, 0.16666666666666666, 0.16666666666666666, 0.4], "precision": [0.16666666666666666, 0.09090909090909091, 0.375, 0.08333333333333333, 0.125, 0.375, 0.3, 0.14285714285714285, 0.1111111111111111, 0.4], "recall": [0.4, 0.3333333333333333, 0.375, 0.25, 0.5, 0.375, 0.6, 0.2, 0.3333333333333333, 0.4], "acc": [0.7291666666666666, 0.75, 0.7916666666666666, 0.7083333333333334, 0.8333333333333334, 0.7916666666666666, 0.8125, 0.7916666666666666, 0.7916666666666666, 0.875], "auc": [0.5465116279069767, 0.5444444444444444, 0.6125, 0.5085227272727273, 0.6902173913043479, 0.6328125, 0.7209302325581395, 0.5162790697674419, 0.5888888888888888, 0.6604651162790697]}}