{"param": {"class_weight": "balanced", "learning_rate": 0.3, "max_depth": 2, "min_samples_split": 13, "n_estimators": 70}, "valid": {"f1": [0.6666666666666666, 0.0, 0.5, 0.4, 0.0, 0.5, 0.0, 0.5, 0.0, 0.0], "precision": [0.5, 0.0, 0.5, 0.3333333333333333, 0.0, 1.0, 0.0, 0.5, 0.0, 0.0], "recall": [1.0, 0.0, 0.5, 0.5, 0.0, 0.3333333333333333, 0.0, 0.5, 0.0, 0.0], "acc": [0.9166666666666666, 0.75, 0.8333333333333334, 0.75, 0.75, 0.8333333333333334, 0.8333333333333334, 0.8333333333333334, 0.75, 0.75], "auc": [0.9090909090909091, 0.575, 0.875, 0.75, 0.625, 0.6851851851851852, 0.5454545454545454, 0.85, 0.6818181818181819, 0.5]}, "test": {"f1": [0.3333333333333333, 0.6666666666666666, 0.3333333333333333, 1.0, 1.0, 0.3333333333333333, 0.75, 0.5714285714285714, 0.5, 0.4], "precision": [0.25, 1.0, 0.2, 1.0, 1.0, 0.25, 0.75, 0.5, 0.3333333333333333, 0.3333333333333333], "recall": [0.5, 0.5, 1.0, 1.0, 1.0, 0.5, 0.75, 0.6666666666666666, 1.0, 0.5], "acc": [0.8461538461538461, 0.9615384615384616, 0.8461538461538461, 1.0, 1.0, 0.8461538461538461, 0.9230769230769231, 0.8846153846153846, 0.9230769230769231, 0.8846153846153846], "auc": [0.6875, 0.8958333333333334, 1.0, 1.0, 1.0, 0.625, 0.9431818181818182, 0.7391304347826088, 1.0, 0.9583333333333334]}}