{"param": {"class_weight": null, "gamma": 0.1, "learning_rate": 0.1, "max_depth": null, "min_child_weight": 1, "n_estimators": 35, "scale_pos_weight": 5}, "valid": {"f1": [0.0, 0.6666666666666666, 0.5, 0.0, 0.4, 0.5, 0.0, 0.0, 0.5, 0.5], "precision": [0.0, 1.0, 0.5, 0.0, 0.3333333333333333, 1.0, 0.0, 0.0, 0.3333333333333333, 0.5], "recall": [0.0, 0.5, 0.5, 0.0, 0.5, 0.3333333333333333, 0.0, 0.0, 1.0, 0.5], "acc": [0.8333333333333334, 0.9166666666666666, 0.8333333333333334, 0.6666666666666666, 0.75, 0.8333333333333334, 0.9166666666666666, 0.8333333333333334, 0.8333333333333334, 0.8333333333333334], "auc": [0.7272727272727273, 0.8, 0.75, 0.45, 0.55, 0.5925925925925926, 0.2727272727272727, 0.5, 0.8181818181818181, 0.7999999999999999]}, "test": {"f1": [0.4, 0.4, 0.0, 0.0, 0.4, 0.0, 0.3333333333333333, 0.0, 0.25, 0.0], "precision": [0.3333333333333333, 0.3333333333333333, 0.0, 0.0, 0.25, 0.0, 0.5, 0.0, 0.14285714285714285, 0.0], "recall": [0.5, 0.5, 0.0, 0.0, 1.0, 0.0, 0.25, 0.0, 1.0, 0.0], "acc": [0.8846153846153846, 0.8846153846153846, 0.8846153846153846, 0.9615384615384616, 0.8846153846153846, 0.7692307692307693, 0.8461538461538461, 0.8461538461538461, 0.7692307692307693, 0.8846153846153846], "auc": [0.5, 0.8333333333333334, 0.72, 0.72, 1.0, 0.5833333333333334, 0.6647727272727273, 0.5652173913043478, 1.0, 0.3958333333333333]}}