{"param": {"class_weight": "balanced", "criterion": "entropy", "max_depth": null, "min_samples_leaf": 3, "min_samples_split": 20}, "valid": {"f1": [0.4, 0.3333333333333333, 0.5714285714285714, 0.2857142857142857, 0.0, 0.0, 0.6666666666666666, 1.0, 0.0, 0.4], "precision": [0.25, 0.25, 0.4, 0.2, 0.0, 0.0, 0.5, 1.0, 0.0, 0.3333333333333333], "recall": [1.0, 0.5, 1.0, 0.5, 0.0, 0.0, 1.0, 1.0, 0.0, 0.5], "acc": [0.75, 0.6666666666666666, 0.75, 0.5833333333333334, 0.5833333333333334, 0.75, 0.9166666666666666, 1.0, 0.5833333333333334, 0.75], "auc": [0.8181818181818182, 0.5499999999999999, 0.9249999999999999, 0.5, 0.35, 0.5555555555555556, 0.9090909090909091, 1.0, 0.3181818181818182, 0.6000000000000001]}, "test": {"f1": [0.23529411764705882, 0.3333333333333333, 0.0, 0.2222222222222222, 0.2857142857142857, 0.2222222222222222, 0.35294117647058826, 0.0, 0.16666666666666666, 0.3333333333333333], "precision": [0.13333333333333333, 0.25, 0.0, 0.125, 0.16666666666666666, 0.14285714285714285, 0.23076923076923078, 0.0, 0.09090909090909091, 0.2], "recall": [1.0, 0.5, 0.0, 1.0, 1.0, 0.5, 0.75, 0.0, 1.0, 1.0], "acc": [0.5, 0.8461538461538461, 0.5384615384615384, 0.7307692307692307, 0.8076923076923077, 0.7307692307692307, 0.5769230769230769, 0.7307692307692307, 0.6153846153846154, 0.6923076923076923], "auc": [0.8645833333333334, 0.71875, 0.28, 1.0, 0.8400000000000001, 0.78125, 0.7272727272727273, 0.30434782608695654, 0.96, 0.8958333333333334]}}