{"param": {"class_weight": "balanced", "max_depth": -1, "min_child_samples": 5, "n_estimators": 70, "num_leaves": 3}, "valid": {"f1": [0.6666666666666666, 0.5, 0.6666666666666666, 0.0, 0.5, 0.5, 0.0, 0.0, 0.5, 0.0], "precision": [0.5, 0.5, 1.0, 0.0, 0.5, 1.0, 0.0, 0.0, 0.3333333333333333, 0.0], "recall": [1.0, 0.5, 0.5, 0.0, 0.5, 0.3333333333333333, 0.0, 0.0, 1.0, 0.0], "acc": [0.9166666666666666, 0.8333333333333334, 0.9166666666666666, 0.75, 0.8333333333333334, 0.8333333333333334, 0.8333333333333334, 0.75, 0.8333333333333334, 0.5833333333333334], "auc": [0.9090909090909091, 0.75, 0.9, 0.5, 0.65, 0.6666666666666667, 0.0, 0.65, 0.9090909090909091, 0.4]}, "test": {"f1": [0.2, 0.3333333333333333, 0.25, 1.0, 0.5, 0.3333333333333333, 0.0, 0.0, 0.2857142857142857, 0.0], "precision": [0.125, 0.25, 0.14285714285714285, 1.0, 0.3333333333333333, 0.25, 0.0, 0.0, 0.16666666666666666, 0.0], "recall": [0.5, 0.5, 1.0, 1.0, 1.0, 0.5, 0.0, 0.0, 1.0, 0.0], "acc": [0.6923076923076923, 0.8461538461538461, 0.7692307692307693, 1.0, 0.9230769230769231, 0.8461538461538461, 0.7692307692307693, 0.7692307692307693, 0.8076923076923077, 0.8461538461538461], "auc": [0.5, 0.7916666666666666, 0.9199999999999999, 1.0, 1.0, 0.7916666666666666, 0.7840909090909091, 0.6956521739130435, 0.88, 0.6041666666666666]}}