{"param": {"class_weight": "balanced", "max_depth": -1, "min_child_samples": 5, "n_estimators": 50, "num_leaves": 3}, "valid": {"f1": [0.4, 0.5, 0.5, 0.4, 0.3333333333333333, 0.3333333333333333, 0.0, 0.3333333333333333, 0.0, 0.4], "precision": [0.25, 0.5, 0.5, 0.25, 0.25, 0.3333333333333333, 0.0, 0.25, 0.0, 0.3333333333333333], "recall": [1.0, 0.5, 0.5, 1.0, 0.5, 0.3333333333333333, 0.0, 0.5, 0.0, 0.5], "acc": [0.75, 0.8333333333333334, 0.8333333333333334, 0.5, 0.6666666666666666, 0.6666666666666666, 0.8333333333333334, 0.6666666666666666, 0.5833333333333334, 0.75], "auc": [0.9090909090909091, 0.55, 0.75, 0.8, 0.5, 0.6666666666666666, 0.6363636363636364, 0.8, 0.5454545454545454, 0.6]}, "test": {"f1": [0.13333333333333333, 0.4, 0.3333333333333333, 0.2, 0.2222222222222222, 0.2, 0.46153846153846156, 0.36363636363636365, 0.18181818181818182, 0.5], "precision": [0.07692307692307693, 0.3333333333333333, 0.2, 0.1111111111111111, 0.125, 0.125, 0.3333333333333333, 0.25, 0.1, 0.3333333333333333], "recall": [0.5, 0.5, 1.0, 1.0, 1.0, 0.5, 0.75, 0.6666666666666666, 1.0, 1.0], "acc": [0.5, 0.8846153846153846, 0.8461538461538461, 0.6923076923076923, 0.7307692307692307, 0.6923076923076923, 0.7307692307692307, 0.7307692307692307, 0.6538461538461539, 0.8461538461538461], "auc": [0.7395833333333334, 0.9270833333333334, 1.0, 1.0, 1.0, 0.6458333333333333, 0.8693181818181818, 0.7101449275362318, 0.9800000000000001, 0.9583333333333334]}}