{"param": {"class_weight": "balanced", "learning_rate": 0.3, "max_depth": 7, "min_samples_split": 13, "n_estimators": 70}, "valid": {"f1": [0.6666666666666666, 0.5, 0.5, 0.4, 0.4, 0.5, 0.0, 0.0, 0.6666666666666666, 0.0], "precision": [0.5, 0.5, 0.5, 0.3333333333333333, 0.3333333333333333, 1.0, 0.0, 0.0, 0.5, 0.0], "recall": [1.0, 0.5, 0.5, 0.5, 0.5, 0.3333333333333333, 0.0, 0.0, 1.0, 0.0], "acc": [0.9166666666666666, 0.8333333333333334, 0.8333333333333334, 0.75, 0.75, 0.8333333333333334, 0.9166666666666666, 0.8333333333333334, 0.9166666666666666, 0.6666666666666666], "auc": [0.9090909090909091, 0.75, 0.9500000000000001, 0.65, 0.525, 0.48148148148148145, 0.18181818181818177, 0.2, 1.0, 0.4]}, "test": {"f1": [0.0, 0.4, 0.2857142857142857, 0.0, 0.5, 0.0, 0.3333333333333333, 0.25, 0.4, 0.0], "precision": [0.0, 0.3333333333333333, 0.16666666666666666, 0.0, 0.3333333333333333, 0.0, 0.5, 0.2, 0.25, 0.0], "recall": [0.0, 0.5, 1.0, 0.0, 1.0, 0.0, 0.25, 0.3333333333333333, 1.0, 0.0], "acc": [0.6923076923076923, 0.8846153846153846, 0.8076923076923077, 0.8461538461538461, 0.9230769230769231, 0.7692307692307693, 0.8461538461538461, 0.7692307692307693, 0.8846153846153846, 0.8461538461538461], "auc": [0.375, 0.8333333333333334, 0.88, 0.88, 0.96, 0.29166666666666663, 0.5909090909090908, 0.5942028985507246, 0.96, 0.7291666666666667]}}