{"param": {"class_weight": null, "gamma": 0, "learning_rate": 0.03, "max_depth": 3, "min_child_weight": 3, "n_estimators": 25, "scale_pos_weight": 10}, "valid": {"f1": [0.4, 0.4, 0.18181818181818182, 0.18181818181818182, 0.25, 0.2222222222222222, 0.0, 0.3333333333333333, 0.16666666666666666, 0.3333333333333333], "precision": [0.25, 0.3333333333333333, 0.1111111111111111, 0.1111111111111111, 0.16666666666666666, 0.16666666666666666, 0.0, 0.25, 0.09090909090909091, 0.2], "recall": [1.0, 0.5, 0.5, 0.5, 0.5, 0.3333333333333333, 0.0, 0.5, 1.0, 1.0], "acc": [0.75, 0.75, 0.25, 0.25, 0.5, 0.4166666666666667, 0.5833333333333334, 0.6666666666666666, 0.16666666666666666, 0.3333333333333333], "auc": [0.7272727272727273, 0.6, 0.575, 0.425, 0.35, 0.37037037037037035, 0.22727272727272724, 0.7, 0.36363636363636365, 0.8999999999999999]}, "test": {"f1": [0.09523809523809523, 0.3333333333333333, 0.1, 0.09523809523809523, 0.125, 0.19047619047619047, 0.4444444444444444, 0.18181818181818182, 0.13333333333333333, 0.26666666666666666], "precision": [0.05263157894736842, 0.25, 0.05263157894736842, 0.05, 0.06666666666666667, 0.10526315789473684, 0.2857142857142857, 0.125, 0.07142857142857142, 0.15384615384615385], "recall": [0.5, 0.5, 1.0, 1.0, 1.0, 1.0, 1.0, 0.3333333333333333, 1.0, 1.0], "acc": [0.2692307692307692, 0.8461538461538461, 0.3076923076923077, 0.2692307692307692, 0.46153846153846156, 0.34615384615384615, 0.6153846153846154, 0.6538461538461539, 0.5, 0.5769230769230769], "auc": [0.6145833333333334, 0.8020833333333334, 1.0, 1.0, 1.0, 0.7395833333333333, 0.8636363636363636, 0.6086956521739131, 0.96, 0.8645833333333334]}}