{"param": {"class_weight": "balanced", "max_depth": 7, "min_samples_leaf": 3, "min_samples_split": 3, "n_estimators": 30}, "valid": {"f1": [0.5, 0.3333333333333333, 0.5714285714285714, 0.5, 0.6666666666666666, 0.6666666666666666, 0.5, 1.0, 0.0, 0.5714285714285714], "precision": [0.3333333333333333, 0.25, 0.4, 0.3333333333333333, 1.0, 0.6666666666666666, 0.3333333333333333, 1.0, 0.0, 0.4], "recall": [1.0, 0.5, 1.0, 1.0, 0.5, 0.6666666666666666, 1.0, 1.0, 0.0, 1.0], "acc": [0.8333333333333334, 0.6666666666666666, 0.75, 0.6666666666666666, 0.9166666666666666, 0.8333333333333334, 0.8333333333333334, 1.0, 0.6666666666666666, 0.75], "auc": [0.9090909090909091, 0.5, 0.95, 0.675, 0.65, 0.6296296296296295, 1.0, 1.0, 0.6818181818181819, 0.8]}, "test": {"f1": [0.25, 0.5, 0.18181818181818182, 0.25, 0.4, 0.4444444444444444, 0.5454545454545454, 0.8, 0.18181818181818182, 0.4444444444444444], "precision": [0.14285714285714285, 0.3333333333333333, 0.1, 0.14285714285714285, 0.25, 0.2857142857142857, 0.42857142857142855, 1.0, 0.1, 0.2857142857142857], "recall": [1.0, 1.0, 1.0, 1.0, 1.0, 1.0, 0.75, 0.6666666666666666, 1.0, 1.0], "acc": [0.5384615384615384, 0.8461538461538461, 0.6538461538461539, 0.7692307692307693, 0.8846153846153846, 0.8076923076923077, 0.8076923076923077, 0.9615384615384616, 0.6538461538461539, 0.8076923076923077], "auc": [0.75, 0.9375, 0.76, 1.0, 1.0, 0.8958333333333333, 0.9147727272727273, 0.8913043478260869, 1.0, 0.7916666666666666]}}