{"param": {"class_weight": "balanced", "criterion": "entropy", "max_depth": null, "min_samples_leaf": 7, "min_samples_split": 2}, "valid": {"f1": [0.5, 0.4, 0.5, 0.0, 0.25, 0.4, 0.0, 0.3333333333333333, 0.3333333333333333, 0.5], "precision": [0.3333333333333333, 0.3333333333333333, 0.3333333333333333, 0.0, 0.16666666666666666, 0.5, 0.0, 0.25, 0.2, 0.3333333333333333], "recall": [1.0, 0.5, 1.0, 0.0, 0.5, 0.3333333333333333, 0.0, 0.5, 1.0, 1.0], "acc": [0.8333333333333334, 0.75, 0.6666666666666666, 0.4166666666666667, 0.5, 0.75, 0.75, 0.6666666666666666, 0.6666666666666666, 0.6666666666666666], "auc": [0.8636363636363635, 0.6500000000000001, 0.8, 0.25, 0.55, 0.5740740740740741, 0.40909090909090906, 0.575, 0.8636363636363636, 0.8]}, "test": {"f1": [0.0, 0.25, 0.2857142857142857, 0.18181818181818182, 0.13333333333333333, 0.0, 0.25, 0.18181818181818182, 0.2857142857142857, 0.0], "precision": [0.0, 0.16666666666666666, 0.16666666666666666, 0.1, 0.07142857142857142, 0.0, 0.25, 0.125, 0.16666666666666666, 0.0], "recall": [0.0, 0.5, 1.0, 1.0, 1.0, 0.0, 0.25, 0.3333333333333333, 1.0, 0.0], "acc": [0.5, 0.7692307692307693, 0.8076923076923077, 0.6538461538461539, 0.5, 0.7307692307692307, 0.7692307692307693, 0.6538461538461539, 0.8076923076923077, 0.8461538461538461], "auc": [0.27083333333333337, 0.6875, 0.84, 0.7, 0.7, 0.33333333333333337, 0.5681818181818182, 0.49999999999999994, 0.9, 0.4583333333333333]}}