{"param": {"class_weight": "balanced", "max_depth": 3, "min_samples_leaf": 3, "min_samples_split": 7, "n_estimators": 10}, "valid": {"f1": [0.0, 0.2857142857142857, 0.6666666666666666, 0.3333333333333333, 1.0, 0.0, 0.0, 0.0, 0.2857142857142857, 0.3333333333333333], "precision": [0.0, 0.2, 0.5, 0.25, 1.0, 0.0, 0.0, 0.0, 0.16666666666666666, 0.25], "recall": [0.0, 0.5, 1.0, 0.5, 1.0, 0.0, 0.0, 0.0, 1.0, 0.5], "acc": [0.8333333333333334, 0.5833333333333334, 0.8333333333333334, 0.6666666666666666, 1.0, 0.75, 0.9166666666666666, 0.8333333333333334, 0.5833333333333334, 0.6666666666666666], "auc": [0.2727272727272727, 0.45, 0.9500000000000001, 0.6, 1.0, 0.6296296296296295, 0.36363636363636365, 0.45, 0.9090909090909091, 0.5]}, "test": {"f1": [0.25, 0.4444444444444444, 0.0, 0.0, 0.2857142857142857, 0.6666666666666666, 0.0, 0.0, 0.2857142857142857, 0.0], "precision": [0.16666666666666666, 0.2857142857142857, 0.0, 0.0, 0.16666666666666666, 1.0, 0.0, 0.0, 0.16666666666666666, 0.0], "recall": [0.5, 1.0, 0.0, 0.0, 1.0, 0.5, 0.0, 0.0, 1.0, 0.0], "acc": [0.7692307692307693, 0.8076923076923077, 0.8846153846153846, 0.8846153846153846, 0.8076923076923077, 0.9615384615384616, 0.7692307692307693, 0.8461538461538461, 0.8076923076923077, 0.8846153846153846], "auc": [0.5416666666666666, 0.875, 0.64, 0.9199999999999999, 0.84, 0.75, 0.6477272727272726, 0.572463768115942, 1.0, 0.9166666666666666]}}