{"param": {"class_weight": "balanced", "max_depth": -1, "min_child_samples": 5, "n_estimators": 30, "num_leaves": 5}, "valid": {"f1": [0.4, 0.6666666666666666, 0.5, 0.8, 0.0, 0.0, 0.0, 0.3333333333333333, 0.0, 0.0], "precision": [0.25, 0.5, 0.5, 0.6666666666666666, 0.0, 0.0, 0.0, 0.25, 0.0, 0.0], "recall": [1.0, 1.0, 0.5, 1.0, 0.0, 0.0, 0.0, 0.5, 0.0, 0.0], "acc": [0.75, 0.9166666666666666, 0.8333333333333334, 0.9166666666666666, 0.6666666666666666, 0.6666666666666666, 0.8333333333333334, 0.6666666666666666, 0.5833333333333334, 0.6666666666666666], "auc": [0.9090909090909091, 0.9090909090909091, 0.85, 0.95, 0.475, 0.4814814814814815, 0.4545454545454546, 0.6, 0.5909090909090908, 0.725]}, "test": {"f1": [0.16666666666666666, 0.4, 0.2857142857142857, 0.5, 0.3333333333333333, 0.3333333333333333, 0.6, 0.4, 0.2222222222222222, 0.8], "precision": [0.1, 0.3333333333333333, 0.16666666666666666, 0.3333333333333333, 0.2, 0.2, 0.5, 0.25, 0.125, 0.6666666666666666], "recall": [0.5, 0.5, 1.0, 1.0, 1.0, 1.0, 0.75, 1.0, 1.0, 1.0], "acc": [0.6153846153846154, 0.8846153846153846, 0.8076923076923077, 0.9230769230769231, 0.8461538461538461, 0.8461538461538461, 0.8461538461538461, 0.7692307692307693, 0.7307692307692307, 0.9615384615384616], "auc": [0.7083333333333333, 0.8854166666666667, 1.0, 1.0, 1.0, 1.0, 0.8863636363636364, 0.8958333333333333, 1.0, 0.9791666666666665]}}