{"param": {"class_weight": null, "gamma": 0, "learning_rate": 0.03, "max_depth": 3, "min_child_weight": 3, "n_estimators": 25, "scale_pos_weight": 10}, "valid": {"f1": [0.4, 0.5, 0.5, 0.18181818181818182, 0.0, 0.2222222222222222, 0.0, 0.3333333333333333, 0.0, 0.6666666666666666], "precision": [0.25, 0.3333333333333333, 0.5, 0.1111111111111111, 0.0, 0.16666666666666666, 0.0, 0.25, 0.0, 0.5], "recall": [1.0, 1.0, 0.5, 0.5, 0.0, 0.3333333333333333, 0.0, 0.5, 0.0, 1.0], "acc": [0.75, 0.8333333333333334, 0.8333333333333334, 0.25, 0.6666666666666666, 0.4166666666666667, 0.5, 0.6666666666666666, 0.5, 0.8333333333333334], "auc": [0.9090909090909091, 0.8181818181818182, 0.55, 0.4, 0.5, 0.37037037037037035, 0.18181818181818182, 0.7, 0.2272727272727273, 0.85]}, "test": {"f1": [0.1, 0.3333333333333333, 0.25, 0.09523809523809523, 0.2222222222222222, 0.1, 0.2857142857142857, 0.2, 0.14285714285714285, 0.4], "precision": [0.05555555555555555, 0.25, 0.14285714285714285, 0.05, 0.125, 0.05263157894736842, 0.2, 0.125, 0.07692307692307693, 0.3333333333333333], "recall": [0.5, 0.5, 1.0, 1.0, 1.0, 1.0, 0.5, 0.5, 1.0, 0.5], "acc": [0.3076923076923077, 0.8461538461538461, 0.7692307692307693, 0.2692307692307692, 0.7307692307692307, 0.3076923076923077, 0.6153846153846154, 0.6923076923076923, 0.5384615384615384, 0.8846153846153846], "auc": [0.6145833333333334, 0.8020833333333334, 1.0, 1.0, 1.0, 0.96, 0.8125, 0.625, 1.0, 0.9166666666666666]}}