{"param": {"class_weight": "balanced", "criterion": "gini", "max_depth": null, "min_samples_leaf": 1, "min_samples_split": 20}, "valid": {"f1": [0.0, 0.6666666666666666, 0.6666666666666666, 0.0, 0.4, 0.4, 0.0, 0.3333333333333333, 0.4, 0.5], "precision": [0.0, 0.5, 1.0, 0.0, 0.3333333333333333, 0.5, 0.0, 0.25, 0.25, 0.3333333333333333], "recall": [0.0, 1.0, 0.5, 0.0, 0.5, 0.3333333333333333, 0.0, 0.5, 1.0, 1.0], "acc": [0.5833333333333334, 0.9166666666666666, 0.9166666666666666, 0.6666666666666666, 0.75, 0.75, 0.75, 0.6666666666666666, 0.75, 0.6666666666666666], "auc": [0.3181818181818182, 0.9545454545454545, 0.75, 0.4, 0.6500000000000001, 0.611111111111111, 0.40909090909090906, 0.5999999999999999, 0.8636363636363636, 0.8]}, "test": {"f1": [0.0, 0.25, 0.2222222222222222, 0.25, 0.3333333333333333, 0.0, 0.2857142857142857, 0.2, 0.2, 0.25], "precision": [0.0, 0.16666666666666666, 0.125, 0.14285714285714285, 0.2, 0.0, 0.3333333333333333, 0.125, 0.1111111111111111, 0.16666666666666666], "recall": [0.0, 0.5, 1.0, 1.0, 1.0, 0.0, 0.25, 0.5, 1.0, 0.5], "acc": [0.6538461538461539, 0.7692307692307693, 0.7307692307692307, 0.7692307692307693, 0.8461538461538461, 0.7307692307692307, 0.8076923076923077, 0.6923076923076923, 0.6923076923076923, 0.7692307692307693], "auc": [0.35416666666666663, 0.65625, 0.88, 0.88, 0.9199999999999999, 0.38, 0.5795454545454545, 0.6041666666666666, 0.84, 0.6458333333333334]}}