{"param": {"class_weight": "balanced", "max_depth": null, "min_samples_leaf": 3, "min_samples_split": 3, "n_estimators": 30}, "valid": {"f1": [0.5, 0.4, 0.8, 0.5714285714285714, 0.6666666666666666, 0.6666666666666666, 0.0, 1.0, 0.0, 0.3333333333333333], "precision": [0.3333333333333333, 0.25, 0.6666666666666666, 0.4, 1.0, 0.6666666666666666, 0.0, 1.0, 0.0, 0.25], "recall": [1.0, 1.0, 1.0, 1.0, 0.5, 0.6666666666666666, 0.0, 1.0, 0.0, 0.5], "acc": [0.8333333333333334, 0.75, 0.9166666666666666, 0.75, 0.9166666666666666, 0.8333333333333334, 0.8333333333333334, 1.0, 0.6666666666666666, 0.6666666666666666], "auc": [0.8181818181818182, 0.7272727272727273, 0.95, 0.825, 0.75, 0.6296296296296295, 0.7272727272727273, 1.0, 0.6818181818181819, 0.7]}, "test": {"f1": [0.15384615384615385, 0.5, 0.16666666666666666, 0.4, 0.6666666666666666, 0.25, 0.5, 1.0, 0.2, 0.4], "precision": [0.09090909090909091, 0.3333333333333333, 0.09090909090909091, 0.25, 0.5, 0.14285714285714285, 0.5, 1.0, 0.1111111111111111, 0.3333333333333333], "recall": [0.5, 1.0, 1.0, 1.0, 1.0, 1.0, 0.5, 1.0, 1.0, 0.5], "acc": [0.5769230769230769, 0.8461538461538461, 0.6153846153846154, 0.8846153846153846, 0.9615384615384616, 0.7692307692307693, 0.8461538461538461, 1.0, 0.6923076923076923, 0.8846153846153846], "auc": [0.75, 0.9375, 0.9600000000000001, 1.0, 1.0, 1.0, 0.8863636363636364, 1.0, 1.0, 0.8333333333333334]}}