{"param": {"class_weight": "balanced", "max_depth": -1, "min_child_samples": 5, "n_estimators": 30, "num_leaves": 15}, "valid": {"f1": [0.0, 1.0, 0.6666666666666666, 0.0, 0.5, 0.4, 0.0, 0.0, 0.5, 0.0], "precision": [0.0, 1.0, 1.0, 0.0, 0.5, 0.5, 0.0, 0.0, 0.3333333333333333, 0.0], "recall": [0.0, 1.0, 0.5, 0.0, 0.5, 0.3333333333333333, 0.0, 0.0, 1.0, 0.0], "acc": [0.8333333333333334, 1.0, 0.9166666666666666, 0.75, 0.8333333333333334, 0.75, 0.8333333333333334, 0.75, 0.8333333333333334, 0.75], "auc": [0.4545454545454546, 1.0, 0.9, 0.3, 0.75, 0.4444444444444444, 0.09090909090909094, 0.25, 0.8181818181818181, 0.45]}, "test": {"f1": [0.2857142857142857, 0.0, 0.0, 0.0, 0.6666666666666666, 0.5, 0.25, 0.4, 0.25, 0.0], "precision": [0.2, 0.0, 0.0, 0.0, 0.5, 0.3333333333333333, 0.25, 0.3333333333333333, 0.14285714285714285, 0.0], "recall": [0.5, 0.0, 0.0, 0.0, 1.0, 1.0, 0.25, 0.5, 1.0, 0.0], "acc": [0.8076923076923077, 0.8461538461538461, 0.8846153846153846, 0.9615384615384616, 0.9615384615384616, 0.9230769230769231, 0.7692307692307693, 0.8846153846153846, 0.7692307692307693, 0.8846153846153846], "auc": [0.5, 0.6041666666666666, 0.8, 0.8, 1.0, 1.0, 0.8295454545454545, 0.6458333333333334, 0.88, 0.4791666666666667]}}