{"param": {"class_weight": "balanced", "max_depth": 5, "min_samples_leaf": 3, "min_samples_split": 10, "n_estimators": 10}, "valid": {"f1": [0.0, 0.2857142857142857, 1.0, 0.4, 0.0, 0.0, 0.0, 0.0, 0.5, 0.4], "precision": [0.0, 0.16666666666666666, 1.0, 0.3333333333333333, 0.0, 0.0, 0.0, 0.0, 0.3333333333333333, 0.3333333333333333], "recall": [0.0, 1.0, 1.0, 0.5, 0.0, 0.0, 0.0, 0.0, 1.0, 0.5], "acc": [0.8333333333333334, 0.5833333333333334, 1.0, 0.75, 0.8333333333333334, 0.75, 0.9166666666666666, 0.8333333333333334, 0.8333333333333334, 0.75], "auc": [0.4545454545454546, 0.8181818181818181, 1.0, 0.55, 0.8, 0.7037037037037037, 0.7272727272727273, 0.14999999999999997, 0.9090909090909091, 0.65]}, "test": {"f1": [0.2222222222222222, 0.5714285714285714, 0.0, 0.0, 0.5, 1.0, 0.0, 0.0, 0.4, 0.6666666666666666], "precision": [0.14285714285714285, 0.4, 0.0, 0.0, 0.3333333333333333, 1.0, 0.0, 0.0, 0.25, 1.0], "recall": [0.5, 1.0, 0.0, 0.0, 1.0, 1.0, 0.0, 0.0, 1.0, 0.5], "acc": [0.7307692307692307, 0.8846153846153846, 0.8846153846153846, 0.9615384615384616, 0.9230769230769231, 1.0, 0.7692307692307693, 0.8846153846153846, 0.8846153846153846, 0.9615384615384616], "auc": [0.5416666666666666, 0.9375, 0.88, 0.96, 0.96, 1.0, 0.6590909090909092, 0.3958333333333333, 0.96, 0.9166666666666666]}}