{"param": {"class_weight": "balanced", "learning_rate": 0.3, "max_depth": null, "min_samples_split": 13, "n_estimators": 70}, "valid": {"f1": [1.0, 1.0, 0.6666666666666666, 0.0, 0.4, 0.5, 0.0, 0.0, 0.6666666666666666, 0.0], "precision": [1.0, 1.0, 1.0, 0.0, 0.3333333333333333, 1.0, 0.0, 0.0, 0.5, 0.0], "recall": [1.0, 1.0, 0.5, 0.0, 0.5, 0.3333333333333333, 0.0, 0.0, 1.0, 0.0], "acc": [1.0, 1.0, 0.9166666666666666, 0.6666666666666666, 0.75, 0.8333333333333334, 0.8333333333333334, 0.8333333333333334, 0.9166666666666666, 0.75], "auc": [1.0, 1.0, 0.825, 0.575, 0.6, 0.48148148148148145, 0.18181818181818177, 0.2, 1.0, 0.75]}, "test": {"f1": [0.0, 0.0, 0.2222222222222222, 0.3333333333333333, 1.0, 0.0, 0.2222222222222222, 0.2857142857142857, 0.4, 0.0], "precision": [0.0, 0.0, 0.125, 0.2, 1.0, 0.0, 0.2, 0.2, 0.25, 0.0], "recall": [0.0, 0.0, 1.0, 1.0, 1.0, 0.0, 0.25, 0.5, 1.0, 0.0], "acc": [0.9230769230769231, 0.8461538461538461, 0.7307692307692307, 0.8461538461538461, 1.0, 0.8076923076923077, 0.7307692307692307, 0.8076923076923077, 0.8846153846153846, 0.8461538461538461], "auc": [0.4166666666666667, 0.7708333333333334, 1.0, 1.0, 1.0, 0.18, 0.5227272727272727, 0.8125, 0.88, 0.7083333333333334]}}