{"param": {"class_weight": null, "gamma": 0, "learning_rate": 0.05, "max_depth": null, "min_child_weight": 1, "n_estimators": 10, "scale_pos_weight": 5}, "valid": {"f1": [0.0, 1.0, 0.6666666666666666, 0.0, 0.3333333333333333, 0.5, 0.0, 0.0, 1.0, 0.0], "precision": [0.0, 1.0, 1.0, 0.0, 0.25, 1.0, 0.0, 0.0, 1.0, 0.0], "recall": [0.0, 1.0, 0.5, 0.0, 0.5, 0.3333333333333333, 0.0, 0.0, 1.0, 0.0], "acc": [0.8333333333333334, 1.0, 0.9166666666666666, 0.75, 0.6666666666666666, 0.8333333333333334, 0.9166666666666666, 0.8333333333333334, 1.0, 0.75], "auc": [0.40909090909090906, 1.0, 0.6499999999999999, 0.425, 0.6, 0.48148148148148145, 0.3181818181818182, 0.525, 1.0, 0.85]}, "test": {"f1": [0.0, 0.0, 0.5, 0.0, 1.0, 0.0, 0.0, 0.0, 0.2857142857142857, 0.0], "precision": [0.0, 0.0, 0.3333333333333333, 0.0, 1.0, 0.0, 0.0, 0.0, 0.16666666666666666, 0.0], "recall": [0.0, 0.0, 1.0, 0.0, 1.0, 0.0, 0.0, 0.0, 1.0, 0.0], "acc": [0.8076923076923077, 0.7692307692307693, 0.9230769230769231, 0.8846153846153846, 1.0, 0.7692307692307693, 0.8461538461538461, 0.9230769230769231, 0.8076923076923077, 0.8846153846153846], "auc": [0.3125, 0.5625, 1.0, 0.76, 1.0, 0.18, 0.6193181818181819, 0.4791666666666667, 0.9, 0.5833333333333334]}}