{"param": {"class_weight": "balanced", "criterion": "entropy", "max_depth": null, "min_samples_leaf": 5, "min_samples_split": 20}, "valid": {"f1": [0.4, 0.4, 0.2857142857142857, 0.5, 0.0, 0.3333333333333333, 0.0, 1.0, 0.25, 0.5], "precision": [0.25, 0.25, 0.2, 0.3333333333333333, 0.0, 0.3333333333333333, 0.0, 1.0, 0.14285714285714285, 0.3333333333333333], "recall": [1.0, 1.0, 0.5, 1.0, 0.0, 0.3333333333333333, 0.0, 1.0, 1.0, 1.0], "acc": [0.75, 0.75, 0.5833333333333334, 0.6666666666666666, 0.6666666666666666, 0.6666666666666666, 0.6666666666666666, 1.0, 0.5, 0.6666666666666666], "auc": [0.8181818181818182, 0.7727272727272727, 0.6499999999999999, 0.9, 0.5499999999999999, 0.537037037037037, 0.36363636363636365, 1.0, 0.5909090909090909, 0.7]}, "test": {"f1": [0.23529411764705882, 0.3333333333333333, 0.14285714285714285, 0.0, 0.2222222222222222, 0.15384615384615385, 0.47058823529411764, 0.0, 0.2, 0.36363636363636365], "precision": [0.13333333333333333, 0.25, 0.07692307692307693, 0.0, 0.125, 0.08333333333333333, 0.3076923076923077, 0.0, 0.1111111111111111, 0.2222222222222222], "recall": [1.0, 0.5, 1.0, 0.0, 1.0, 1.0, 1.0, 0.0, 1.0, 1.0], "acc": [0.5, 0.8461538461538461, 0.5384615384615384, 0.6923076923076923, 0.7307692307692307, 0.5769230769230769, 0.6538461538461539, 0.7307692307692307, 0.6923076923076923, 0.7307692307692307], "auc": [0.75, 0.6979166666666666, 0.96, 0.36, 1.0, 0.9800000000000001, 0.8636363636363635, 0.29166666666666663, 0.96, 0.8854166666666666]}}