{"param": {"class_weight": "balanced", "criterion": "entropy", "max_depth": 30, "min_samples_leaf": 4, "min_samples_split": 10}, "valid": {"f1": [0.30303030303030304, 0.26666666666666666, 0.2894736842105263, 0.2857142857142857, 0.3380281690140845, 0.2807017543859649, 0.3880597014925373, 0.325, 0.32142857142857145, 0.3384615384615385], "precision": [0.25, 0.23529411764705882, 0.24444444444444444, 0.22580645161290322, 0.2857142857142857, 0.2222222222222222, 0.325, 0.2549019607843137, 0.2903225806451613, 0.2972972972972973], "recall": [0.38461538461538464, 0.3076923076923077, 0.3548387096774194, 0.3888888888888889, 0.41379310344827586, 0.38095238095238093, 0.48148148148148145, 0.4482758620689655, 0.36, 0.39285714285714285], "acc": [0.816, 0.824, 0.784, 0.86, 0.812, 0.836, 0.836, 0.784, 0.848, 0.828], "auc": [0.6220810439560439, 0.5928056318681318, 0.5982471645308588, 0.6518199233716475, 0.6302075206740521, 0.6392181326679143, 0.6882577644909482, 0.6620377594008426, 0.6422222222222222, 0.645511583011583]}, "test": {"f1": [0.22580645161290322, 0.1724137931034483, 0.23529411764705882, 0.4383561643835616, 0.3448275862068966, 0.2972972972972973, 0.37681159420289856, 0.4411764705882353, 0.25925925925925924, 0.30303030303030304], "precision": [0.175, 0.13513513513513514, 0.16666666666666666, 0.32653061224489793, 0.30303030303030304, 0.23404255319148937, 0.3023255813953488, 0.3488372093023256, 0.19444444444444445, 0.25], "recall": [0.3181818181818182, 0.23809523809523808, 0.4, 0.6666666666666666, 0.4, 0.4074074074074074, 0.5, 0.6, 0.3888888888888889, 0.38461538461538464], "acc": [0.8087649402390438, 0.8087649402390438, 0.7928286852589641, 0.8366533864541833, 0.848605577689243, 0.7928286852589641, 0.8286852589641435, 0.848605577689243, 0.8406374501992032, 0.8167330677290837], "auc": [0.5919015482334259, 0.5528985507246377, 0.6206709956709956, 0.7734030837004404, 0.6558407079646018, 0.6402943121693121, 0.6886324786324787, 0.7384070796460177, 0.6386504530281355, 0.6327350427350427]}}