{"param": {"class_weight": null, "gamma": 0.01, "learning_rate": 0.1, "max_depth": null, "min_child_weight": 1, "n_estimators": 100, "scale_pos_weight": 10}, "valid": {"f1": [0.43137254901960786, 0.4782608695652174, 0.4230769230769231, 0.3870967741935484, 0.4642857142857143, 0.4888888888888889, 0.4444444444444444, 0.25806451612903225, 0.3, 0.39285714285714285], "precision": [0.44, 0.55, 0.5238095238095238, 0.46153846153846156, 0.48148148148148145, 0.4583333333333333, 0.5555555555555556, 0.24242424242424243, 0.4, 0.39285714285714285], "recall": [0.4230769230769231, 0.4230769230769231, 0.3548387096774194, 0.3333333333333333, 0.4482758620689655, 0.5238095238095238, 0.37037037037037035, 0.27586206896551724, 0.24, 0.39285714285714285], "acc": [0.884, 0.904, 0.88, 0.924, 0.88, 0.908, 0.9, 0.816, 0.888, 0.864], "auc": [0.8150755494505495, 0.7930975274725274, 0.8024745912505524, 0.6767241379310345, 0.8397565922920893, 0.7924724474942816, 0.759840558046836, 0.6660945545326884, 0.7898666666666667, 0.7800836550836551]}, "test": {"f1": [0.6046511627906976, 0.2857142857142857, 0.37209302325581395, 0.5882352941176471, 0.5, 0.48148148148148145, 0.4827586206896552, 0.5614035087719298, 0.5333333333333333, 0.5384615384615384], "precision": [0.6190476190476191, 0.2857142857142857, 0.34782608695652173, 0.5555555555555556, 0.48148148148148145, 0.48148148148148145, 0.4375, 0.5, 0.4444444444444444, 0.5384615384615384], "recall": [0.5909090909090909, 0.2857142857142857, 0.4, 0.625, 0.52, 0.48148148148148145, 0.5384615384615384, 0.64, 0.6666666666666666, 0.5384615384615384], "acc": [0.9322709163346613, 0.8804780876494024, 0.8924302788844621, 0.9163346613545816, 0.896414342629482, 0.8884462151394422, 0.8804780876494024, 0.900398406374502, 0.9163346613545816, 0.9043824701195219], "auc": [0.8412068281063915, 0.8062111801242235, 0.8192640692640693, 0.8671071953010278, 0.8223008849557523, 0.8196097883597884, 0.8076923076923077, 0.824070796460177, 0.9291845493562232, 0.8191452991452991]}}