{"param": {"class_weight": "balanced", "criterion": "gini", "max_depth": 50, "min_samples_leaf": 1, "min_samples_split": 2}, "valid": {"f1": [0.358974358974359, 0.3188405797101449, 0.3333333333333333, 0.29850746268656714, 0.33766233766233766, 0.3582089552238806, 0.36923076923076925, 0.2823529411764706, 0.3013698630136986, 0.36363636363636365], "precision": [0.2692307692307692, 0.2558139534883721, 0.3142857142857143, 0.20408163265306123, 0.2708333333333333, 0.2608695652173913, 0.3157894736842105, 0.21428571428571427, 0.22916666666666666, 0.2857142857142857], "recall": [0.5384615384615384, 0.4230769230769231, 0.3548387096774194, 0.5555555555555556, 0.4482758620689655, 0.5714285714285714, 0.4444444444444444, 0.41379310344827586, 0.44, 0.5], "acc": [0.8, 0.812, 0.824, 0.812, 0.796, 0.828, 0.836, 0.756, 0.796, 0.804], "auc": [0.6839800824175822, 0.646978021978022, 0.6311680659891001, 0.6894157088122604, 0.6472148541114058, 0.7111665626949469, 0.6591097824281681, 0.6127320954907162, 0.6471111111111112, 0.6767213642213643]}, "test": {"f1": [0.36363636363636365, 0.37681159420289856, 0.3225806451612903, 0.3880597014925373, 0.3287671232876712, 0.28888888888888886, 0.42857142857142855, 0.40540540540540543, 0.30985915492957744, 0.4], "precision": [0.2727272727272727, 0.2708333333333333, 0.23809523809523808, 0.3023255813953488, 0.25, 0.20634920634920634, 0.4, 0.30612244897959184, 0.20754716981132076, 0.3333333333333333], "recall": [0.5454545454545454, 0.6190476190476191, 0.5, 0.5416666666666666, 0.48, 0.48148148148148145, 0.46153846153846156, 0.6, 0.6111111111111112, 0.5], "acc": [0.8326693227091634, 0.8286852589641435, 0.8326693227091634, 0.8366533864541833, 0.8047808764940239, 0.7450199203187251, 0.8725099601593626, 0.8247011952191236, 0.8047808764940239, 0.8446215139442231], "auc": [0.7141722905915046, 0.7380952380952381, 0.6948051948051948, 0.7128303964757708, 0.6730973451327433, 0.6300429894179894, 0.6936752136752138, 0.7288495575221239, 0.7358130662851693, 0.7005982905982906]}}