{"param": {"class_weight": "balanced", "max_depth": 5, "min_child_samples": 25, "n_estimators": 110, "num_leaves": 11}, "valid": {"f1": [0.4406779661016949, 0.4727272727272727, 0.49122807017543857, 0.2564102564102564, 0.4594594594594595, 0.44, 0.5396825396825397, 0.2898550724637681, 0.4444444444444444, 0.45901639344262296], "precision": [0.3939393939393939, 0.4482758620689655, 0.5384615384615384, 0.23809523809523808, 0.37777777777777777, 0.3793103448275862, 0.4722222222222222, 0.25, 0.5, 0.42424242424242425], "recall": [0.5, 0.5, 0.45161290322580644, 0.2777777777777778, 0.5862068965517241, 0.5238095238095238, 0.6296296296296297, 0.3448275862068966, 0.4, 0.5], "acc": [0.868, 0.884, 0.884, 0.884, 0.84, 0.888, 0.884, 0.804, 0.9, 0.868], "auc": [0.8473557692307693, 0.7771291208791209, 0.7998232434821034, 0.6688218390804598, 0.8105788734591981, 0.7966313162819714, 0.7686430825444278, 0.6810734904041191, 0.8243555555555555, 0.8167631917631918]}, "test": {"f1": [0.41379310344827586, 0.37735849056603776, 0.37735849056603776, 0.509090909090909, 0.42105263157894735, 0.375, 0.5074626865671642, 0.4827586206896552, 0.46808510638297873, 0.45901639344262296], "precision": [0.3333333333333333, 0.3125, 0.30303030303030304, 0.45161290322580644, 0.375, 0.32432432432432434, 0.4146341463414634, 0.42424242424242425, 0.3793103448275862, 0.4], "recall": [0.5454545454545454, 0.47619047619047616, 0.5, 0.5833333333333334, 0.48, 0.4444444444444444, 0.6538461538461539, 0.56, 0.6111111111111112, 0.5384615384615384], "acc": [0.8645418326693227, 0.8685258964143426, 0.8685258964143426, 0.8924302788844621, 0.8685258964143426, 0.8406374501992032, 0.8685258964143426, 0.8804780876494024, 0.900398406374502, 0.8685258964143426], "auc": [0.81341802302501, 0.7913043478260869, 0.8329004329004329, 0.836453744493392, 0.8102654867256638, 0.7876984126984127, 0.8242735042735042, 0.8153982300884957, 0.8788745827372437, 0.8148717948717948]}}