{"param": {"class_weight": "balanced", "max_depth": -1, "min_child_samples": 10, "n_estimators": 120, "num_leaves": 41}, "valid": {"f1": [0.47058823529411764, 0.43137254901960786, 0.36363636363636365, 0.2127659574468085, 0.38235294117647056, 0.5, 0.34615384615384615, 0.41379310344827586, 0.39285714285714285, 0.43478260869565216], "precision": [0.38095238095238093, 0.44, 0.4166666666666667, 0.1724137931034483, 0.3333333333333333, 0.4444444444444444, 0.36, 0.41379310344827586, 0.3548387096774194, 0.36585365853658536], "recall": [0.6153846153846154, 0.4230769230769231, 0.3225806451612903, 0.2777777777777778, 0.4482758620689655, 0.5714285714285714, 0.3333333333333333, 0.41379310344827586, 0.44, 0.5357142857142857], "acc": [0.856, 0.884, 0.86, 0.852, 0.832, 0.904, 0.864, 0.864, 0.864, 0.844], "auc": [0.8397149725274725, 0.7951579670329669, 0.7631462660185595, 0.6424808429118775, 0.8098767358402247, 0.8958203368683717, 0.7656535459226042, 0.7682945857388047, 0.7393777777777779, 0.8064671814671814]}, "test": {"f1": [0.4230769230769231, 0.375, 0.46153846153846156, 0.4489795918367347, 0.4727272727272727, 0.4, 0.5185185185185185, 0.4262295081967213, 0.35714285714285715, 0.4], "precision": [0.36666666666666664, 0.3333333333333333, 0.375, 0.44, 0.43333333333333335, 0.34210526315789475, 0.5, 0.3611111111111111, 0.2631578947368421, 0.3793103448275862], "recall": [0.5, 0.42857142857142855, 0.6, 0.4583333333333333, 0.52, 0.48148148148148145, 0.5384615384615384, 0.52, 0.5555555555555556, 0.4230769230769231], "acc": [0.8804780876494024, 0.8804780876494024, 0.8884462151394422, 0.8924302788844621, 0.8844621513944223, 0.8446215139442231, 0.896414342629482, 0.8605577689243028, 0.8565737051792829, 0.8685258964143426], "auc": [0.785728463676062, 0.8194616977225673, 0.8503246753246753, 0.8193832599118942, 0.8368141592920353, 0.7855489417989419, 0.8604273504273504, 0.7883185840707965, 0.8221268478779209, 0.8264957264957264]}}