{"param": {"class_weight": "balanced", "learning_rate": 0.1, "max_depth": 10, "min_samples_split": 4, "n_estimators": 50}, "valid": {"f1": [0.375, 0.4126984126984127, 0.34285714285714286, 0.24561403508771928, 0.41975308641975306, 0.4307692307692308, 0.30303030303030304, 0.3855421686746988, 0.3235294117647059, 0.425], "precision": [0.2777777777777778, 0.35135135135135137, 0.3076923076923077, 0.1794871794871795, 0.3269230769230769, 0.3181818181818182, 0.2564102564102564, 0.2962962962962963, 0.2558139534883721, 0.3269230769230769], "recall": [0.5769230769230769, 0.5, 0.3870967741935484, 0.3888888888888889, 0.5862068965517241, 0.6666666666666666, 0.37037037037037035, 0.5517241379310345, 0.44, 0.6071428571428571], "acc": [0.8, 0.852, 0.816, 0.828, 0.812, 0.852, 0.816, 0.796, 0.816, 0.816], "auc": [0.7711195054945054, 0.7698317307692307, 0.7244071291795552, 0.643558429118774, 0.8151817756280231, 0.8527760449157828, 0.7251287161601062, 0.6606334841628958, 0.7119111111111112, 0.7697876447876448]}, "test": {"f1": [0.3333333333333333, 0.3283582089552239, 0.3283582089552239, 0.4117647058823529, 0.3561643835616438, 0.3170731707317073, 0.47058823529411764, 0.42105263157894735, 0.35294117647058826, 0.4411764705882353], "precision": [0.24, 0.2391304347826087, 0.23404255319148937, 0.3181818181818182, 0.2708333333333333, 0.23636363636363636, 0.38095238095238093, 0.3137254901960784, 0.24, 0.35714285714285715], "recall": [0.5454545454545454, 0.5238095238095238, 0.55, 0.5833333333333334, 0.52, 0.48148148148148145, 0.6153846153846154, 0.64, 0.6666666666666666, 0.5769230769230769], "acc": [0.8087649402390438, 0.8207171314741036, 0.8207171314741036, 0.8406374501992032, 0.8127490039840638, 0.7768924302788844, 0.8565737051792829, 0.8247011952191236, 0.8247011952191236, 0.848605577689243], "auc": [0.8164946407304486, 0.8013457556935818, 0.7754329004329004, 0.7902900146842878, 0.7938938053097346, 0.7589285714285714, 0.8604273504273504, 0.8309734513274336, 0.851454458750596, 0.8257264957264957]}}