{"param": {"class_weight": null, "gamma": 0.1, "learning_rate": 0.1, "max_depth": 9, "min_child_weight": 1, "n_estimators": 100, "scale_pos_weight": 5}, "valid": {"f1": [0.4262295081967213, 0.46153846153846156, 0.33962264150943394, 0.2631578947368421, 0.41509433962264153, 0.39215686274509803, 0.39215686274509803, 0.39344262295081966, 0.37037037037037035, 0.4666666666666667], "precision": [0.37142857142857144, 0.46153846153846156, 0.4090909090909091, 0.25, 0.4583333333333333, 0.3333333333333333, 0.4166666666666667, 0.375, 0.3448275862068966, 0.4375], "recall": [0.5, 0.46153846153846156, 0.2903225806451613, 0.2777777777777778, 0.3793103448275862, 0.47619047619047616, 0.37037037037037035, 0.41379310344827586, 0.4, 0.5], "acc": [0.86, 0.888, 0.86, 0.888, 0.876, 0.876, 0.876, 0.852, 0.864, 0.872], "auc": [0.8141311813186813, 0.7542925824175825, 0.7403888643393726, 0.6317049808429119, 0.8207988765798097, 0.859222291536702, 0.7597575153628964, 0.7010454048993603, 0.7238222222222223, 0.7926319176319178]}, "test": {"f1": [0.37735849056603776, 0.4166666666666667, 0.4074074074074074, 0.4528301886792453, 0.5106382978723404, 0.46153846153846156, 0.4827586206896552, 0.4, 0.32142857142857145, 0.5283018867924528], "precision": [0.3225806451612903, 0.37037037037037035, 0.3235294117647059, 0.41379310344827586, 0.5454545454545454, 0.39473684210526316, 0.4375, 0.34285714285714286, 0.23684210526315788, 0.5185185185185185], "recall": [0.45454545454545453, 0.47619047619047616, 0.55, 0.5, 0.48, 0.5555555555555556, 0.5384615384615384, 0.48, 0.5, 0.5384615384615384], "acc": [0.8685258964143426, 0.8884462151394422, 0.8725099601593626, 0.8844621513944223, 0.9083665338645418, 0.8605577689243028, 0.8804780876494024, 0.8565737051792829, 0.848605577689243, 0.900398406374502], "auc": [0.8121278285033743, 0.7816770186335403, 0.8117965367965368, 0.8229625550660793, 0.8385840707964602, 0.7733961640211638, 0.8533333333333333, 0.8041592920353983, 0.844062947067239, 0.8238461538461539]}}