{"param": {"class_weight": "balanced", "max_depth": 25, "min_samples_leaf": 1, "min_samples_split": 5, "n_estimators": 5}, "valid": {"f1": [0.4186046511627907, 0.23255813953488372, 0.2553191489361702, 0.14285714285714285, 0.2, 0.3888888888888889, 0.24390243902439024, 0.3333333333333333, 0.17142857142857143, 0.27906976744186046], "precision": [0.5294117647058824, 0.29411764705882354, 0.375, 0.2, 0.36363636363636365, 0.4666666666666667, 0.35714285714285715, 0.42105263157894735, 0.3, 0.4], "recall": [0.34615384615384615, 0.19230769230769232, 0.1935483870967742, 0.1111111111111111, 0.13793103448275862, 0.3333333333333333, 0.18518518518518517, 0.27586206896551724, 0.12, 0.21428571428571427], "acc": [0.9, 0.868, 0.86, 0.904, 0.872, 0.912, 0.876, 0.872, 0.884, 0.876], "auc": [0.804429945054945, 0.7079326923076923, 0.7319929297392842, 0.6500239463601533, 0.7465283195506319, 0.7952796839259721, 0.7052815146985552, 0.682711811515057, 0.6116444444444444, 0.7316602316602316]}, "test": {"f1": [0.32432432432432434, 0.3783783783783784, 0.16216216216216217, 0.24242424242424243, 0.2222222222222222, 0.2727272727272727, 0.4166666666666667, 0.46153846153846156, 0.34285714285714286, 0.3], "precision": [0.4, 0.4375, 0.17647058823529413, 0.4444444444444444, 0.36363636363636365, 0.35294117647058826, 0.45454545454545453, 0.6428571428571429, 0.35294117647058826, 0.42857142857142855], "recall": [0.2727272727272727, 0.3333333333333333, 0.15, 0.16666666666666666, 0.16, 0.2222222222222222, 0.38461538461538464, 0.36, 0.3333333333333333, 0.23076923076923078], "acc": [0.900398406374502, 0.9083665338645418, 0.8764940239043825, 0.900398406374502, 0.8884462151394422, 0.8725099601593626, 0.8884462151394422, 0.9163346613545816, 0.9083665338645418, 0.8884462151394422], "auc": [0.740174672489083, 0.7136645962732918, 0.732034632034632, 0.7328377386196769, 0.7142477876106195, 0.6526124338624338, 0.744102564102564, 0.7526548672566371, 0.808416785884597, 0.8031623931623932]}}