{"param": {"class_weight": "balanced", "learning_rate": 0.1, "max_depth": 10, "min_samples_split": 3, "n_estimators": 30}, "valid": {"f1": [0.4, 0.3829787234042553, 0.27450980392156865, 0.3333333333333333, 0.4166666666666667, 0.5, 0.4090909090909091, 0.3018867924528302, 0.2702702702702703, 0.39285714285714285], "precision": [0.47368421052631576, 0.42857142857142855, 0.35, 0.4166666666666667, 0.5263157894736842, 0.5263157894736842, 0.5294117647058824, 0.3333333333333333, 0.4166666666666667, 0.39285714285714285], "recall": [0.34615384615384615, 0.34615384615384615, 0.22580645161290322, 0.2777777777777778, 0.3448275862068966, 0.47619047619047616, 0.3333333333333333, 0.27586206896551724, 0.2, 0.39285714285714285], "acc": [0.892, 0.884, 0.852, 0.92, 0.888, 0.92, 0.896, 0.852, 0.892, 0.864], "auc": [0.8128434065934066, 0.7713770604395604, 0.770805715127412, 0.6594827586206897, 0.837260102980184, 0.7899771262216677, 0.7601727287825942, 0.6426899672335777, 0.8094222222222223, 0.7355212355212355]}, "test": {"f1": [0.5116279069767442, 0.3333333333333333, 0.2857142857142857, 0.43902439024390244, 0.4, 0.38596491228070173, 0.4166666666666667, 0.5416666666666666, 0.5294117647058824, 0.34782608695652173], "precision": [0.5238095238095238, 0.3333333333333333, 0.3333333333333333, 0.5294117647058824, 0.45, 0.36666666666666664, 0.45454545454545453, 0.5652173913043478, 0.5625, 0.4], "recall": [0.5, 0.3333333333333333, 0.25, 0.375, 0.36, 0.4074074074074074, 0.38461538461538464, 0.52, 0.5, 0.3076923076923077], "acc": [0.9163346613545816, 0.8884462151394422, 0.900398406374502, 0.9083665338645418, 0.8924302788844621, 0.8605577689243028, 0.8884462151394422, 0.9123505976095617, 0.9362549800796812, 0.8804780876494024], "auc": [0.8203652242953553, 0.7639751552795031, 0.7534632034632034, 0.8623348017621146, 0.7798230088495575, 0.8133267195767195, 0.8073504273504274, 0.8015929203539822, 0.8855507868383405, 0.8312820512820513]}}