{"param": {"class_weight": "balanced", "max_depth": 40, "min_samples_leaf": 1, "min_samples_split": 5, "n_estimators": 20}, "valid": {"f1": [0.38596491228070173, 0.49056603773584906, 0.2857142857142857, 0.32, 0.4, 0.34615384615384615, 0.35294117647058826, 0.4057971014492754, 0.39285714285714285, 0.4067796610169492], "precision": [0.3548387096774194, 0.48148148148148145, 0.3888888888888889, 0.25, 0.3611111111111111, 0.2903225806451613, 0.375, 0.35, 0.3548387096774194, 0.3870967741935484], "recall": [0.4230769230769231, 0.5, 0.22580645161290322, 0.4444444444444444, 0.4482758620689655, 0.42857142857142855, 0.3333333333333333, 0.4827586206896552, 0.44, 0.42857142857142855], "acc": [0.86, 0.892, 0.86, 0.864, 0.844, 0.864, 0.868, 0.836, 0.864, 0.86], "auc": [0.8197973901098903, 0.7897493131868132, 0.7392841361025188, 0.6982758620689655, 0.7660321422998907, 0.8032855063422749, 0.7335160272380004, 0.7324075518801686, 0.758311111111111, 0.7507239382239381]}, "test": {"f1": [0.4444444444444444, 0.3728813559322034, 0.2962962962962963, 0.39215686274509803, 0.47058823529411764, 0.43478260869565216, 0.5, 0.4, 0.35294117647058826, 0.38596491228070173], "precision": [0.375, 0.2894736842105263, 0.23529411764705882, 0.37037037037037035, 0.46153846153846156, 0.35714285714285715, 0.5, 0.34285714285714286, 0.2727272727272727, 0.3548387096774194], "recall": [0.5454545454545454, 0.5238095238095238, 0.4, 0.4166666666666667, 0.48, 0.5555555555555556, 0.5, 0.48, 0.5, 0.4230769230769231], "acc": [0.8804780876494024, 0.852589641434263, 0.848605577689243, 0.8764940239043825, 0.8924302788844621, 0.8446215139442231, 0.896414342629482, 0.8565737051792829, 0.8685258964143426, 0.8605577689243028], "auc": [0.8250297737197301, 0.7799171842650103, 0.8005411255411257, 0.8297540381791484, 0.8120353982300884, 0.812334656084656, 0.8322222222222222, 0.8136283185840708, 0.8435860753457319, 0.8279487179487179]}}