{"param": {"class_weight": null, "gamma": 1, "learning_rate": 0.1, "max_depth": 9, "min_child_weight": 1, "n_estimators": 100, "scale_pos_weight": 10}, "valid": {"f1": [0.3492063492063492, 0.3548387096774194, 0.3728813559322034, 0.20408163265306123, 0.4383561643835616, 0.32142857142857145, 0.4067796610169492, 0.34782608695652173, 0.2857142857142857, 0.4383561643835616], "precision": [0.2619047619047619, 0.275, 0.3548387096774194, 0.15151515151515152, 0.35555555555555557, 0.23076923076923078, 0.375, 0.27906976744186046, 0.225, 0.3333333333333333], "recall": [0.5238095238095238, 0.5, 0.39285714285714285, 0.3125, 0.5714285714285714, 0.5294117647058824, 0.4444444444444444, 0.46153846153846156, 0.391304347826087, 0.64], "acc": [0.836, 0.84, 0.852, 0.844, 0.836, 0.848, 0.86, 0.82, 0.82, 0.836], "auc": [0.7957995425244333, 0.7593700159489633, 0.73005148005148, 0.6511752136752137, 0.767052767052767, 0.825296642262055, 0.7578475336322871, 0.6864697802197802, 0.692300325608121, 0.7844444444444445]}, "test": {"f1": [0.3939393939393939, 0.36065573770491804, 0.3333333333333333, 0.4375, 0.41379310344827586, 0.3333333333333333, 0.35294117647058826, 0.38095238095238093, 0.2909090909090909, 0.4528301886792453], "precision": [0.2826086956521739, 0.2619047619047619, 0.23255813953488372, 0.34146341463414637, 0.3333333333333333, 0.2619047619047619, 0.2553191489361702, 0.2857142857142857, 0.19047619047619047, 0.3870967741935484], "recall": [0.65, 0.5789473684210527, 0.5882352941176471, 0.6086956521739131, 0.5454545454545454, 0.4583333333333333, 0.5714285714285714, 0.5714285714285714, 0.6153846153846154, 0.5454545454545454], "acc": [0.8406374501992032, 0.8446215139442231, 0.8406374501992032, 0.8565737051792829, 0.8645418326693227, 0.8247011952191236, 0.8247011952191236, 0.8446215139442231, 0.8446215139442231, 0.8844621513944223], "auc": [0.8353896103896103, 0.8170372050816697, 0.7826797385620915, 0.8347635392829901, 0.7827510917030568, 0.7398127753303965, 0.8282608695652174, 0.769047619047619, 0.8739495798319328, 0.8231441048034934]}}