{"param": {"class_weight": "balanced", "max_depth": 35, "min_samples_leaf": 2, "min_samples_split": 2, "n_estimators": 25}, "valid": {"f1": [0.39285714285714285, 0.39285714285714285, 0.3225806451612903, 0.3333333333333333, 0.39436619718309857, 0.32142857142857145, 0.42424242424242425, 0.3013698630136986, 0.2903225806451613, 0.36363636363636365], "precision": [0.3142857142857143, 0.3235294117647059, 0.29411764705882354, 0.25, 0.32558139534883723, 0.23076923076923078, 0.358974358974359, 0.23404255319148937, 0.23076923076923078, 0.2926829268292683], "recall": [0.5238095238095238, 0.5, 0.35714285714285715, 0.5, 0.5, 0.5294117647058824, 0.5185185185185185, 0.4230769230769231, 0.391304347826087, 0.48], "acc": [0.864, 0.864, 0.832, 0.872, 0.828, 0.848, 0.848, 0.796, 0.824, 0.832], "auc": [0.8117072156373466, 0.7960526315789475, 0.7228120978120978, 0.670940170940171, 0.7772683397683398, 0.8124211057813683, 0.7509549908653047, 0.6692994505494505, 0.7582838536678796, 0.7575111111111111]}, "test": {"f1": [0.3870967741935484, 0.32786885245901637, 0.26865671641791045, 0.39285714285714285, 0.4444444444444444, 0.3235294117647059, 0.39344262295081966, 0.36666666666666664, 0.36, 0.39285714285714285], "precision": [0.2857142857142857, 0.23809523809523808, 0.18, 0.3333333333333333, 0.375, 0.25, 0.3, 0.28205128205128205, 0.24324324324324326, 0.3235294117647059], "recall": [0.6, 0.5263157894736842, 0.5294117647058824, 0.4782608695652174, 0.5454545454545454, 0.4583333333333333, 0.5714285714285714, 0.5238095238095238, 0.6923076923076923, 0.5], "acc": [0.848605577689243, 0.8366533864541833, 0.8047808764940239, 0.8645418326693227, 0.8804780876494024, 0.8167330677290837, 0.852589641434263, 0.848605577689243, 0.8725099601593626, 0.8645418326693227], "auc": [0.8468614718614719, 0.7695099818511796, 0.7557817998994469, 0.83047292143402, 0.8003175863437872, 0.7413729809104258, 0.7979296066252587, 0.7958592132505176, 0.8400129282482224, 0.8044859071059944]}}