{"param": {"class_weight": "balanced", "learning_rate": 0.03, "max_depth": 10, "min_samples_split": 3, "n_estimators": 70}, "valid": {"f1": [0.47368421052631576, 0.37209302325581395, 0.24, 0.34285714285714286, 0.28, 0.48484848484848486, 0.4186046511627907, 0.16326530612244897, 0.17647058823529413, 0.40816326530612246], "precision": [0.5294117647058824, 0.38095238095238093, 0.2727272727272727, 0.3157894736842105, 0.3181818181818182, 0.5, 0.5625, 0.17391304347826086, 0.2727272727272727, 0.4166666666666667], "recall": [0.42857142857142855, 0.36363636363636365, 0.21428571428571427, 0.375, 0.25, 0.47058823529411764, 0.3333333333333333, 0.15384615384615385, 0.13043478260869565, 0.4], "acc": [0.92, 0.892, 0.848, 0.908, 0.856, 0.932, 0.9, 0.836, 0.888, 0.884], "auc": [0.816593886462882, 0.7780103668261562, 0.7414736164736164, 0.6953792735042735, 0.8262548262548263, 0.769123958596314, 0.7462215578807507, 0.628176510989011, 0.8021451829151502, 0.7365333333333334]}, "test": {"f1": [0.39215686274509803, 0.2916666666666667, 0.3783783783783784, 0.43902439024390244, 0.46808510638297873, 0.3673469387755102, 0.35, 0.2727272727272727, 0.3448275862068966, 0.34146341463414637], "precision": [0.3225806451612903, 0.2413793103448276, 0.35, 0.5, 0.44, 0.36, 0.3684210526315789, 0.2608695652173913, 0.3125, 0.3684210526315789], "recall": [0.5, 0.3684210526315789, 0.4117647058823529, 0.391304347826087, 0.5, 0.375, 0.3333333333333333, 0.2857142857142857, 0.38461538461538464, 0.3181818181818182], "acc": [0.8764940239043825, 0.8645418326693227, 0.9083665338645418, 0.9083665338645418, 0.900398406374502, 0.8764940239043825, 0.896414342629482, 0.8725099601593626, 0.9243027888446215, 0.8924302788844621], "auc": [0.7664502164502165, 0.7590744101633393, 0.7926093514328809, 0.8212242562929062, 0.7441445017864232, 0.8041483113069017, 0.7927536231884058, 0.7904761904761904, 0.8623141564318034, 0.7641921397379912]}}