{"param": {"class_weight": "balanced", "max_depth": -1, "min_child_samples": 10, "n_estimators": 100, "num_leaves": 33}, "valid": {"f1": [0.4067796610169492, 0.4489795918367347, 0.41509433962264153, 0.2222222222222222, 0.40625, 0.4090909090909091, 0.37735849056603776, 0.3793103448275862, 0.3137254901960784, 0.41935483870967744], "precision": [0.3157894736842105, 0.4074074074074074, 0.44, 0.1724137931034483, 0.3611111111111111, 0.3333333333333333, 0.38461538461538464, 0.34375, 0.2857142857142857, 0.35135135135135137], "recall": [0.5714285714285714, 0.5, 0.39285714285714285, 0.3125, 0.4642857142857143, 0.5294117647058824, 0.37037037037037035, 0.4230769230769231, 0.34782608695652173, 0.52], "acc": [0.86, 0.892, 0.876, 0.86, 0.848, 0.896, 0.868, 0.856, 0.86, 0.856], "auc": [0.8164899147431899, 0.8191786283891547, 0.7602960102960103, 0.6976495726495726, 0.7896557271557272, 0.8611461752082807, 0.7738747716326191, 0.731456043956044, 0.7017812679563302, 0.8176]}, "test": {"f1": [0.52, 0.37037037037037035, 0.3076923076923077, 0.5306122448979592, 0.4583333333333333, 0.3728813559322034, 0.5098039215686274, 0.4528301886792453, 0.4, 0.37735849056603776], "precision": [0.43333333333333335, 0.2857142857142857, 0.22857142857142856, 0.5, 0.4230769230769231, 0.3142857142857143, 0.43333333333333335, 0.375, 0.2702702702702703, 0.3225806451612903], "recall": [0.65, 0.5263157894736842, 0.47058823529411764, 0.5652173913043478, 0.5, 0.4583333333333333, 0.6190476190476191, 0.5714285714285714, 0.7692307692307693, 0.45454545454545453], "acc": [0.9043824701195219, 0.8645418326693227, 0.8565737051792829, 0.9083665338645418, 0.896414342629482, 0.852589641434263, 0.900398406374502, 0.8844621513944223, 0.8804780876494024, 0.8685258964143426], "auc": [0.8314935064935064, 0.8474364791288566, 0.8289341377576672, 0.862509534706331, 0.7618102421595873, 0.7759728340675477, 0.8507246376811594, 0.7861283643892338, 0.8836457659987073, 0.816395394998015]}}