{"param": {"class_weight": "balanced", "learning_rate": 0.05, "max_depth": 10, "min_samples_split": 4, "n_estimators": 130}, "valid": {"f1": [0.3728813559322034, 0.38596491228070173, 0.33962264150943394, 0.23529411764705882, 0.37142857142857144, 0.36363636363636365, 0.4, 0.37142857142857144, 0.22950819672131148, 0.4166666666666667], "precision": [0.2894736842105263, 0.3142857142857143, 0.36, 0.17142857142857143, 0.30952380952380953, 0.2631578947368421, 0.39285714285714285, 0.29545454545454547, 0.18421052631578946, 0.3191489361702128], "recall": [0.5238095238095238, 0.5, 0.32142857142857145, 0.375, 0.4642857142857143, 0.5882352941176471, 0.4074074074074074, 0.5, 0.30434782608695654, 0.6], "acc": [0.852, 0.86, 0.86, 0.844, 0.824, 0.86, 0.868, 0.824, 0.812, 0.832], "auc": [0.7880016635475151, 0.7713317384370015, 0.7086550836550836, 0.6808226495726496, 0.7479890604890604, 0.8143145670285282, 0.7344294967613354, 0.6705013736263736, 0.7058034859222371, 0.7783111111111112]}, "test": {"f1": [0.3333333333333333, 0.3870967741935484, 0.32142857142857145, 0.4262295081967213, 0.4067796610169492, 0.35714285714285715, 0.4067796610169492, 0.3728813559322034, 0.2545454545454545, 0.39285714285714285], "precision": [0.2391304347826087, 0.27906976744186046, 0.23076923076923078, 0.34210526315789475, 0.32432432432432434, 0.3125, 0.3157894736842105, 0.2894736842105263, 0.16666666666666666, 0.3235294117647059], "recall": [0.55, 0.631578947368421, 0.5294117647058824, 0.5652173913043478, 0.5454545454545454, 0.4166666666666667, 0.5714285714285714, 0.5238095238095238, 0.5384615384615384, 0.5], "acc": [0.8247011952191236, 0.848605577689243, 0.848605577689243, 0.8605577689243028, 0.8605577689243028, 0.8565737051792829, 0.8605577689243028, 0.852589641434263, 0.8366533864541833, 0.8645418326693227], "auc": [0.8037878787878787, 0.8252041742286751, 0.786701860231272, 0.8030129672006101, 0.757840412862247, 0.7268722466960353, 0.8619047619047618, 0.7960662525879917, 0.832579185520362, 0.8388249305279872]}}