{"param": {"class_weight": "balanced", "criterion": "entropy", "max_depth": 20, "min_samples_leaf": 3, "min_samples_split": 2}, "valid": {"f1": [0.37142857142857144, 0.2727272727272727, 0.2641509433962264, 0.25925925925925924, 0.410958904109589, 0.22641509433962265, 0.3728813559322034, 0.18181818181818182, 0.3333333333333333, 0.375], "precision": [0.2653061224489796, 0.20454545454545456, 0.28, 0.18421052631578946, 0.3333333333333333, 0.16666666666666666, 0.34375, 0.1724137931034483, 0.23636363636363636, 0.3076923076923077], "recall": [0.6190476190476191, 0.4090909090909091, 0.25, 0.4375, 0.5357142857142857, 0.35294117647058826, 0.4074074074074074, 0.19230769230769232, 0.5652173913043478, 0.48], "acc": [0.824, 0.808, 0.844, 0.84, 0.828, 0.836, 0.852, 0.82, 0.792, 0.84], "auc": [0.7346641713453941, 0.6207137161084529, 0.5845398970398971, 0.671607905982906, 0.6977960102960103, 0.6165109820752336, 0.6644245142002989, 0.5427541208791209, 0.6885654089254931, 0.6757333333333333]}, "test": {"f1": [0.2465753424657534, 0.345679012345679, 0.3333333333333333, 0.3103448275862069, 0.36666666666666664, 0.4406779661016949, 0.2222222222222222, 0.37037037037037035, 0.23809523809523808, 0.27586206896551724], "precision": [0.16981132075471697, 0.22580645161290322, 0.24324324324324326, 0.2571428571428571, 0.2894736842105263, 0.37142857142857144, 0.18181818181818182, 0.30303030303030304, 0.14084507042253522, 0.2222222222222222], "recall": [0.45, 0.7368421052631579, 0.5294117647058824, 0.391304347826087, 0.5, 0.5416666666666666, 0.2857142857142857, 0.47619047619047616, 0.7692307692307693, 0.36363636363636365], "acc": [0.7808764940239044, 0.7888446215139442, 0.8565737051792829, 0.8406374501992032, 0.848605577689243, 0.8685258964143426, 0.8326693227091634, 0.8645418326693227, 0.7450199203187251, 0.8326693227091634], "auc": [0.6484848484848484, 0.7754083484573503, 0.7053795877325287, 0.6835430968726164, 0.6911472806669313, 0.7298091042584434, 0.5838509316770186, 0.6834368530020705, 0.7837750484809308, 0.6172092100039699]}}