{"param": {"class_weight": null, "gamma": 0.1, "learning_rate": 0.05, "max_depth": null, "min_child_weight": 3, "n_estimators": 120, "scale_pos_weight": 10}, "valid": {"f1": [0.34615384615384615, 0.4186046511627907, 0.375, 0.36363636363636365, 0.37037037037037035, 0.4, 0.4528301886792453, 0.20689655172413793, 0.2564102564102564, 0.42857142857142855], "precision": [0.2903225806451613, 0.42857142857142855, 0.45, 0.35294117647058826, 0.38461538461538464, 0.32142857142857145, 0.46153846153846156, 0.1875, 0.3125, 0.3870967741935484], "recall": [0.42857142857142855, 0.4090909090909091, 0.32142857142857145, 0.375, 0.35714285714285715, 0.5294117647058824, 0.4444444444444444, 0.23076923076923078, 0.21739130434782608, 0.48], "acc": [0.864, 0.9, 0.88, 0.916, 0.864, 0.892, 0.884, 0.816, 0.884, 0.872], "auc": [0.8296943231441047, 0.7848883572567784, 0.7734877734877735, 0.6885683760683761, 0.8159588159588159, 0.7576369603635447, 0.7845872778608204, 0.6076579670329669, 0.8080827427695845, 0.7708444444444444]}, "test": {"f1": [0.4642857142857143, 0.3137254901960784, 0.36363636363636365, 0.43478260869565216, 0.4, 0.45901639344262296, 0.36363636363636365, 0.41509433962264153, 0.47368421052631576, 0.37735849056603776], "precision": [0.3611111111111111, 0.25, 0.2962962962962963, 0.43478260869565216, 0.391304347826087, 0.3783783783783784, 0.29411764705882354, 0.34375, 0.36, 0.3225806451612903], "recall": [0.65, 0.42105263157894735, 0.47058823529411764, 0.43478260869565216, 0.4090909090909091, 0.5833333333333334, 0.47619047619047616, 0.5238095238095238, 0.6923076923076923, 0.45454545454545453], "acc": [0.8804780876494024, 0.8605577689243028, 0.8884462151394422, 0.896414342629482, 0.8924302788844621, 0.8685258964143426, 0.8605577689243028, 0.8764940239043825, 0.9203187250996016, 0.8685258964143426], "auc": [0.8060606060606061, 0.7617967332123411, 0.8001508295625942, 0.8297101449275363, 0.8219531560142914, 0.7977239353891336, 0.7927536231884058, 0.834575569358178, 0.8933419521654816, 0.7943628423977769]}}