{"param": {"class_weight": "balanced", "max_depth": 25, "min_samples_leaf": 2, "min_samples_split": 2, "n_estimators": 5}, "valid": {"f1": [0.45714285714285713, 0.24390243902439024, 0.35, 0.23076923076923078, 0.1, 0.30303030303030304, 0.358974358974359, 0.2926829268292683, 0.25806451612903225, 0.35], "precision": [0.5714285714285714, 0.2631578947368421, 0.5833333333333334, 0.3, 0.16666666666666666, 0.3125, 0.5833333333333334, 0.4, 0.5, 0.4666666666666667], "recall": [0.38095238095238093, 0.22727272727272727, 0.25, 0.1875, 0.07142857142857142, 0.29411764705882354, 0.25925925925925924, 0.23076923076923078, 0.17391304347826086, 0.28], "acc": [0.924, 0.876, 0.896, 0.92, 0.856, 0.908, 0.9, 0.884, 0.908, 0.896], "auc": [0.7376793512164691, 0.6674641148325358, 0.7367277992277992, 0.6541132478632479, 0.6878217503217503, 0.7317596566523605, 0.6625145324696894, 0.6126373626373627, 0.6840643554874545, 0.638311111111111]}, "test": {"f1": [0.3333333333333333, 0.2857142857142857, 0.3125, 0.2777777777777778, 0.3125, 0.3333333333333333, 0.1951219512195122, 0.25806451612903225, 0.3076923076923077, 0.358974358974359], "precision": [0.5, 0.3125, 0.3333333333333333, 0.38461538461538464, 0.5, 0.3888888888888889, 0.2, 0.4, 0.3076923076923077, 0.4117647058823529], "recall": [0.25, 0.2631578947368421, 0.29411764705882354, 0.21739130434782608, 0.22727272727272727, 0.2916666666666667, 0.19047619047619047, 0.19047619047619047, 0.3076923076923077, 0.3181818181818182], "acc": [0.9203187250996016, 0.900398406374502, 0.9123505976095617, 0.896414342629482, 0.9123505976095617, 0.8884462151394422, 0.8685258964143426, 0.9083665338645418, 0.9282868525896414, 0.900398406374502], "auc": [0.7511904761904761, 0.7655399274047188, 0.7244846656611362, 0.794717772692601, 0.806371576022231, 0.7230176211453745, 0.7026915113871636, 0.7627329192546584, 0.7803813833225599, 0.7621079793568877]}}