{"param": {"class_weight": "balanced", "criterion": "gini", "max_depth": 55, "min_samples_leaf": 1, "min_samples_split": 3}, "valid": {"f1": [0.3076923076923077, 0.23880597014925373, 0.42105263157894735, 0.28125, 0.30303030303030304, 0.32142857142857145, 0.3728813559322034, 0.3380281690140845, 0.2, 0.3466666666666667], "precision": [0.22727272727272727, 0.17777777777777778, 0.41379310344827586, 0.1875, 0.2631578947368421, 0.23076923076923078, 0.34375, 0.26666666666666666, 0.16216216216216217, 0.26], "recall": [0.47619047619047616, 0.36363636363636365, 0.42857142857142855, 0.5625, 0.35714285714285715, 0.5294117647058824, 0.4074074074074074, 0.46153846153846156, 0.2608695652173913, 0.52], "acc": [0.82, 0.796, 0.868, 0.816, 0.816, 0.848, 0.852, 0.812, 0.808, 0.804], "auc": [0.6582449573715949, 0.6059609250398725, 0.6820302445302446, 0.6912393162393163, 0.6117277992277993, 0.6999495077000757, 0.6572828433814981, 0.6642342032967034, 0.5613867075272937, 0.6921777777777778]}, "test": {"f1": [0.3333333333333333, 0.3333333333333333, 0.29508196721311475, 0.4406779661016949, 0.34375, 0.2702702702702703, 0.35714285714285715, 0.3448275862068966, 0.3389830508474576, 0.3492063492063492], "precision": [0.2391304347826087, 0.22641509433962265, 0.20454545454545456, 0.3611111111111111, 0.2619047619047619, 0.2, 0.2857142857142857, 0.2702702702702703, 0.21739130434782608, 0.2682926829268293], "recall": [0.55, 0.631578947368421, 0.5294117647058824, 0.5652173913043478, 0.5, 0.4166666666666667, 0.47619047619047616, 0.47619047619047616, 0.7692307692307693, 0.5], "acc": [0.8247011952191236, 0.8087649402390438, 0.8286852589641435, 0.8685258964143426, 0.8326693227091634, 0.7848605577689243, 0.8565737051792829, 0.848605577689243, 0.8446215139442231, 0.8366533864541833], "auc": [0.716017316017316, 0.7294691470054446, 0.7085218702865761, 0.7388443935926773, 0.6972012703453752, 0.6328010279001468, 0.687991718426501, 0.6925465838509317, 0.8288623141564317, 0.6919412465263994]}}