{"param": {"class_weight": "balanced", "max_depth": -1, "min_child_samples": 20, "n_estimators": 110, "num_leaves": 11}, "valid": {"f1": [0.32558139534883723, 0.4888888888888889, 0.40816326530612246, 0.35294117647058826, 0.37037037037037035, 0.4186046511627907, 0.48148148148148145, 0.2545454545454545, 0.2631578947368421, 0.42105263157894735], "precision": [0.3181818181818182, 0.4782608695652174, 0.47619047619047616, 0.3333333333333333, 0.38461538461538464, 0.34615384615384615, 0.48148148148148145, 0.2413793103448276, 0.3333333333333333, 0.375], "recall": [0.3333333333333333, 0.5, 0.35714285714285715, 0.375, 0.35714285714285715, 0.5294117647058824, 0.48148148148148145, 0.2692307692307692, 0.21739130434782608, 0.48], "acc": [0.884, 0.908, 0.884, 0.912, 0.864, 0.9, 0.888, 0.836, 0.888, 0.868], "auc": [0.8457059679767103, 0.8305422647527911, 0.7678571428571429, 0.6754807692307693, 0.8114543114543115, 0.7886897248169653, 0.781929911974755, 0.6301510989010989, 0.7613484006895231, 0.8012444444444444]}, "test": {"f1": [0.4528301886792453, 0.34782608695652173, 0.4878048780487805, 0.5106382978723404, 0.38461538461538464, 0.41509433962264153, 0.39215686274509803, 0.36, 0.47368421052631576, 0.36], "precision": [0.36363636363636365, 0.2962962962962963, 0.4166666666666667, 0.5, 0.3333333333333333, 0.3793103448275862, 0.3333333333333333, 0.3103448275862069, 0.36, 0.32142857142857145], "recall": [0.6, 0.42105263157894735, 0.5882352941176471, 0.5217391304347826, 0.45454545454545453, 0.4583333333333333, 0.47619047619047616, 0.42857142857142855, 0.6923076923076923, 0.4090909090909091], "acc": [0.8844621513944223, 0.8804780876494024, 0.9163346613545816, 0.9083665338645418, 0.8725099601593626, 0.8764940239043825, 0.8764940239043825, 0.8725099601593626, 0.9203187250996016, 0.8725099601593626], "auc": [0.8177489177489178, 0.7502268602540835, 0.8195072900955255, 0.8579328756674294, 0.8028979753870584, 0.795704845814978, 0.824223602484472, 0.8536231884057971, 0.9117647058823529, 0.7935688765383089]}}