{"param": {"class_weight": "balanced", "max_depth": -1, "min_child_samples": 20, "n_estimators": 30, "num_leaves": 3}, "valid": {"f1": [1.0, 0.4, 0.2222222222222222, 0.6, 0.4444444444444444, 0.0, 0.0, 0.25, 0.2, 0.2222222222222222], "precision": [1.0, 0.25, 0.125, 0.42857142857142855, 0.2857142857142857, 0.0, 0.0, 0.2, 0.1111111111111111, 0.14285714285714285], "recall": [1.0, 1.0, 1.0, 1.0, 1.0, 0.0, 0.0, 0.3333333333333333, 1.0, 0.5], "acc": [1.0, 0.8695652173913043, 0.6956521739130435, 0.8260869565217391, 0.782608695652174, 0.6521739130434783, 0.8695652173913043, 0.7391304347826086, 0.6521739130434783, 0.6956521739130435], "auc": [1.0, 0.9090909090909091, 0.8181818181818181, 0.9666666666666667, 0.8214285714285714, 0.44999999999999996, 0.40909090909090906, 0.6333333333333333, 0.9090909090909091, 0.7380952380952381]}, "test": {"f1": [0.25, 0.5, 0.18181818181818182, 0.2, 0.5714285714285714, 0.36363636363636365, 0.2857142857142857, 0.18181818181818182, 0.26666666666666666, 0.4], "precision": [0.16666666666666666, 0.4, 0.1, 0.1111111111111111, 0.4444444444444444, 0.25, 0.2, 0.14285714285714285, 0.16666666666666666, 0.25], "recall": [0.5, 0.6666666666666666, 1.0, 1.0, 0.8, 0.6666666666666666, 0.5, 0.25, 0.6666666666666666, 1.0], "acc": [0.75, 0.8333333333333334, 0.8125, 0.8333333333333334, 0.875, 0.8541666666666666, 0.7916666666666666, 0.8125, 0.7708333333333334, 0.875], "auc": [0.8295454545454546, 0.6924603174603173, 0.9787234042553192, 0.9361702127659575, 0.8348837209302327, 0.888888888888889, 0.8039772727272727, 0.625, 0.6962962962962963, 0.9619565217391305]}}