{"param": {"class_weight": null, "gamma": 0.01, "learning_rate": 0.1, "max_depth": 9, "min_child_weight": 1, "n_estimators": 50, "scale_pos_weight": 7}, "valid": {"f1": [0.6666666666666666, 0.0, 0.4, 0.5, 0.0, 0.0, 1.0, 0.0, 0.6666666666666666, 0.5], "precision": [1.0, 0.0, 0.25, 0.4, 0.0, 0.0, 1.0, 0.0, 0.5, 0.5], "recall": [0.5, 0.0, 1.0, 0.6666666666666666, 0.0, 0.0, 1.0, 0.0, 1.0, 0.5], "acc": [0.9565217391304348, 0.8695652173913043, 0.8695652173913043, 0.8260869565217391, 0.782608695652174, 0.7391304347826086, 1.0, 0.8260869565217391, 0.9565217391304348, 0.9130434782608695], "auc": [0.9285714285714286, 0.9090909090909091, 0.9772727272727273, 0.8166666666666667, 0.6190476190476191, 0.44999999999999996, 1.0, 0.7, 1.0, 0.8571428571428571]}, "test": {"f1": [0.4444444444444444, 0.3076923076923077, 0.25, 0.25, 0.3333333333333333, 0.6666666666666666, 0.4444444444444444, 0.4, 0.25, 0.4], "precision": [0.4, 0.2857142857142857, 0.14285714285714285, 0.14285714285714285, 0.2857142857142857, 0.5, 0.4, 0.3333333333333333, 0.2, 0.3333333333333333], "recall": [0.5, 0.3333333333333333, 1.0, 1.0, 0.4, 1.0, 0.5, 0.5, 0.3333333333333333, 0.5], "acc": [0.8958333333333334, 0.8125, 0.875, 0.875, 0.8333333333333334, 0.9375, 0.8958333333333334, 0.875, 0.875, 0.9375], "auc": [0.8267045454545455, 0.748015873015873, 0.9787234042553191, 1.0, 0.7906976744186046, 0.9740740740740741, 0.8011363636363636, 0.7102272727272727, 0.7481481481481481, 0.9565217391304348]}}