{"param": {"class_weight": "balanced", "max_depth": null, "min_samples_leaf": 2, "min_samples_split": 5, "n_estimators": 15}, "valid": {"f1": [0.0, 1.0, 0.0, 1.0, 0.0, 0.0, 0.0, 0.0, 0.0, 0.4], "precision": [0.0, 1.0, 0.0, 1.0, 0.0, 0.0, 0.0, 0.0, 0.0, 0.3333333333333333], "recall": [0.0, 1.0, 0.0, 1.0, 0.0, 0.0, 0.0, 0.0, 0.0, 0.5], "acc": [0.9130434782608695, 1.0, 0.9565217391304348, 1.0, 0.8695652173913043, 0.8260869565217391, 0.9565217391304348, 0.8695652173913043, 0.9130434782608695, 0.8695652173913043], "auc": [0.7857142857142857, 1.0, 0.8181818181818181, 1.0, 0.5238095238095238, 0.41666666666666663, 0.9090909090909091, 0.2833333333333333, 0.7727272727272727, 0.8571428571428571]}, "test": {"f1": [0.4, 0.2222222222222222, 0.5, 0.2857142857142857, 0.5, 0.0, 0.3333333333333333, 0.2857142857142857, 0.3333333333333333, 0.0], "precision": [1.0, 0.3333333333333333, 0.3333333333333333, 0.16666666666666666, 0.6666666666666666, 0.0, 0.5, 0.3333333333333333, 0.3333333333333333, 0.0], "recall": [0.25, 0.16666666666666666, 1.0, 1.0, 0.4, 0.0, 0.25, 0.25, 0.3333333333333333, 0.0], "acc": [0.9375, 0.8541666666666666, 0.9583333333333334, 0.8958333333333334, 0.9166666666666666, 0.9166666666666666, 0.9166666666666666, 0.8958333333333334, 0.9166666666666666, 0.8958333333333334], "auc": [0.9318181818181819, 0.7182539682539684, 1.0, 0.9787234042553192, 0.758139534883721, 0.8148148148148149, 0.8806818181818181, 0.8295454545454546, 0.9111111111111111, 0.9130434782608695]}}