{"param": {"class_weight": "balanced", "max_depth": 3, "min_child_samples": 20, "n_estimators": 30, "num_leaves": 5}, "valid": {"f1": [0.3333333333333333, 0.2222222222222222, 0.2222222222222222, 0.5, 0.3333333333333333, 0.3333333333333333, 0.2222222222222222, 0.6666666666666666, 0.18181818181818182, 0.4], "precision": [0.2, 0.125, 0.125, 0.3333333333333333, 0.2, 0.2, 0.125, 0.5, 0.1, 0.25], "recall": [1.0, 1.0, 1.0, 1.0, 1.0, 1.0, 1.0, 1.0, 1.0, 1.0], "acc": [0.6521739130434783, 0.6956521739130435, 0.6956521739130435, 0.7391304347826086, 0.6521739130434783, 0.4782608695652174, 0.6956521739130435, 0.8695652173913043, 0.6086956521739131, 0.7391304347826086], "auc": [0.9404761904761905, 0.8181818181818181, 0.8409090909090908, 0.875, 0.7261904761904763, 0.65, 0.7045454545454546, 0.875, 0.9772727272727273, 0.8928571428571429]}, "test": {"f1": [0.25, 0.3448275862068966, 0.0, 0.125, 0.2222222222222222, 0.2857142857142857, 0.25, 0.2222222222222222, 0.21052631578947367, 0.1111111111111111], "precision": [0.15, 0.21739130434782608, 0.0, 0.06666666666666667, 0.13636363636363635, 0.16666666666666666, 0.15, 0.14285714285714285, 0.125, 0.0625], "recall": [0.75, 0.8333333333333334, 0.0, 1.0, 0.6, 1.0, 0.75, 0.5, 0.6666666666666666, 0.5], "acc": [0.625, 0.6041666666666666, 0.7708333333333334, 0.7083333333333334, 0.5625, 0.6875, 0.625, 0.7083333333333334, 0.6875, 0.6666666666666666], "auc": [0.7670454545454546, 0.7400793650793651, 0.648936170212766, 0.8723404255319149, 0.6372093023255814, 0.9037037037037038, 0.7414772727272727, 0.7272727272727273, 0.6962962962962964, 0.7445652173913043]}}