{"param": {"class_weight": "balanced", "max_depth": null, "min_samples_leaf": 1, "min_samples_split": 3, "n_estimators": 5}, "valid": {"f1": [0.6666666666666666, 0.0, 0.6666666666666666, 0.75, 0.0, 0.0, 0.6666666666666666, 0.5, 0.6666666666666666, 0.3333333333333333], "precision": [1.0, 0.0, 0.5, 0.6, 0.0, 0.0, 0.5, 1.0, 0.5, 0.25], "recall": [0.5, 0.0, 1.0, 1.0, 0.0, 0.0, 1.0, 0.3333333333333333, 1.0, 0.5], "acc": [0.9565217391304348, 0.8695652173913043, 0.9565217391304348, 0.9130434782608695, 0.9130434782608695, 0.7391304347826086, 0.9565217391304348, 0.9130434782608695, 0.9565217391304348, 0.8260869565217391], "auc": [0.6309523809523809, 0.38636363636363635, 0.9545454545454545, 0.925, 0.38095238095238093, 0.24999999999999997, 0.9545454545454545, 0.5833333333333334, 0.9545454545454546, 0.8809523809523809]}, "test": {"f1": [0.6666666666666666, 0.6666666666666666, 0.6666666666666666, 0.3333333333333333, 0.5714285714285714, 0.2857142857142857, 0.18181818181818182, 0.4444444444444444, 0.25, 0.5], "precision": [0.6, 1.0, 0.5, 0.2, 1.0, 0.25, 0.14285714285714285, 0.4, 0.2, 0.5], "recall": [0.75, 0.5, 1.0, 1.0, 0.4, 0.3333333333333333, 0.25, 0.5, 0.3333333333333333, 0.5], "acc": [0.9375, 0.9375, 0.9791666666666666, 0.9166666666666666, 0.9375, 0.8958333333333334, 0.8125, 0.8958333333333334, 0.875, 0.9583333333333334], "auc": [0.8295454545454546, 0.6904761904761905, 0.9787234042553192, 1.0, 0.8325581395348838, 0.9185185185185185, 0.6335227272727273, 0.6761363636363636, 0.5037037037037037, 0.9619565217391304]}}