{"param": {"class_weight": "balanced", "criterion": "entropy", "max_depth": null, "min_samples_leaf": 1, "min_samples_split": 2}, "valid": {"f1": [0.4, 0.0, 0.4, 0.5, 0.0, 0.0, 0.3333333333333333, 0.2857142857142857, 0.5, 0.6666666666666666], "precision": [0.3333333333333333, 0.0, 0.25, 0.4, 0.0, 0.0, 0.2, 0.25, 0.3333333333333333, 1.0], "recall": [0.5, 0.0, 1.0, 0.6666666666666666, 0.0, 0.0, 1.0, 0.3333333333333333, 1.0, 0.5], "acc": [0.8695652173913043, 0.8695652173913043, 0.8695652173913043, 0.8260869565217391, 0.782608695652174, 0.7391304347826086, 0.8260869565217391, 0.782608695652174, 0.9130434782608695, 0.9565217391304348], "auc": [0.7023809523809524, 0.45454545454545453, 0.8863636363636364, 0.7583333333333333, 0.4285714285714286, 0.425, 0.9090909090909091, 0.5916666666666667, 0.9545454545454545, 0.75]}, "test": {"f1": [0.36363636363636365, 0.26666666666666666, 0.2857142857142857, 0.18181818181818182, 0.3333333333333333, 0.5, 0.1, 0.4444444444444444, 0.4444444444444444, 0.4], "precision": [0.2857142857142857, 0.2222222222222222, 0.16666666666666666, 0.1, 0.2857142857142857, 0.4, 0.0625, 0.4, 0.3333333333333333, 0.3333333333333333], "recall": [0.5, 0.3333333333333333, 1.0, 1.0, 0.4, 0.6666666666666666, 0.25, 0.5, 0.6666666666666666, 0.5], "acc": [0.8541666666666666, 0.7708333333333334, 0.8958333333333334, 0.8125, 0.8333333333333334, 0.9166666666666666, 0.625, 0.8958333333333334, 0.8958333333333334, 0.9375], "auc": [0.6931818181818182, 0.5833333333333334, 0.9574468085106382, 0.9042553191489362, 0.6348837209302325, 0.7999999999999999, 0.4545454545454546, 0.715909090909091, 0.7814814814814814, 0.7282608695652175]}}