{"param": {"class_weight": null, "gamma": 0, "learning_rate": 0.03, "max_depth": null, "min_child_weight": 1, "n_estimators": 35, "scale_pos_weight": 10}, "valid": {"f1": [0.0, 0.6666666666666666, 0.4, 0.6666666666666666, 0.0, 0.2857142857142857, 0.0, 0.0, 1.0, 0.0], "precision": [0.0, 0.5, 0.25, 0.6666666666666666, 0.0, 0.25, 0.0, 0.0, 1.0, 0.0], "recall": [0.0, 1.0, 1.0, 0.6666666666666666, 0.0, 0.3333333333333333, 0.0, 0.0, 1.0, 0.0], "acc": [0.8695652173913043, 0.9565217391304348, 0.8695652173913043, 0.9130434782608695, 0.782608695652174, 0.782608695652174, 0.9565217391304348, 0.6956521739130435, 1.0, 0.6956521739130435], "auc": [0.9047619047619048, 1.0, 0.9545454545454546, 0.7999999999999999, 0.6547619047619048, 0.33333333333333326, 0.5, 0.5249999999999999, 1.0, 0.5952380952380952]}, "test": {"f1": [0.2857142857142857, 0.2222222222222222, 0.16666666666666666, 0.2222222222222222, 0.25, 0.2857142857142857, 0.4444444444444444, 0.2222222222222222, 0.2, 0.4444444444444444], "precision": [0.3333333333333333, 0.3333333333333333, 0.09090909090909091, 0.125, 0.3333333333333333, 0.25, 0.4, 0.2, 0.14285714285714285, 0.2857142857142857], "recall": [0.25, 0.16666666666666666, 1.0, 1.0, 0.2, 0.3333333333333333, 0.5, 0.25, 0.3333333333333333, 1.0], "acc": [0.8958333333333334, 0.8541666666666666, 0.7916666666666666, 0.8541666666666666, 0.875, 0.8958333333333334, 0.8958333333333334, 0.8541666666666666, 0.8333333333333334, 0.8958333333333334], "auc": [0.6107954545454546, 0.6785714285714286, 0.9787234042553192, 0.9042553191489362, 0.7162790697674419, 0.837037037037037, 0.7443181818181819, 0.6051136363636364, 0.6111111111111112, 0.9673913043478262]}}