{"param": {"class_weight": "balanced", "learning_rate": 0.3, "max_depth": 2, "min_samples_split": 2, "n_estimators": 100}, "valid": {"f1": [0.6666666666666666, 0.0, 0.5, 0.5, 0.0, 0.0, 1.0, 0.0, 0.5, 0.6666666666666666], "precision": [1.0, 0.0, 0.3333333333333333, 0.4, 0.0, 0.0, 1.0, 0.0, 0.3333333333333333, 1.0], "recall": [0.5, 0.0, 1.0, 0.6666666666666666, 0.0, 0.0, 1.0, 0.0, 1.0, 0.5], "acc": [0.9565217391304348, 0.8695652173913043, 0.9130434782608695, 0.8260869565217391, 0.8260869565217391, 0.7391304347826086, 1.0, 0.8695652173913043, 0.9130434782608695, 0.9565217391304348], "auc": [0.8809523809523809, 0.6818181818181818, 0.9318181818181818, 0.9083333333333333, 0.5952380952380952, 0.41666666666666663, 1.0, 0.8833333333333334, 0.9545454545454546, 0.8690476190476191]}, "test": {"f1": [0.2857142857142857, 0.5, 0.2857142857142857, 0.2222222222222222, 0.46153846153846156, 0.6666666666666666, 0.4444444444444444, 0.36363636363636365, 0.25, 0.3333333333333333], "precision": [0.3333333333333333, 0.5, 0.16666666666666666, 0.125, 0.375, 0.5, 0.4, 0.2857142857142857, 0.2, 0.2], "recall": [0.25, 0.5, 1.0, 1.0, 0.6, 1.0, 0.5, 0.5, 0.3333333333333333, 1.0], "acc": [0.8958333333333334, 0.875, 0.8958333333333334, 0.8541666666666666, 0.8541666666666666, 0.9375, 0.8958333333333334, 0.8541666666666666, 0.875, 0.8333333333333334], "auc": [0.7926136363636364, 0.8313492063492063, 1.0, 0.9787234042553191, 0.8790697674418604, 0.9777777777777777, 0.6960227272727273, 0.7840909090909091, 0.7296296296296295, 0.9239130434782609]}}