{"param": {"class_weight": "balanced", "learning_rate": 0.05, "max_depth": 6, "min_samples_split": 5, "n_estimators": 70}, "valid": {"f1": [0.0, 0.6666666666666666, 0.4, 0.3333333333333333, 0.0, 0.2857142857142857, 0.6666666666666666, 0.3333333333333333, 0.6666666666666666, 0.0], "precision": [0.0, 0.5, 0.25, 0.3333333333333333, 0.0, 0.25, 0.5, 0.3333333333333333, 0.5, 0.0], "recall": [0.0, 1.0, 1.0, 0.3333333333333333, 0.0, 0.3333333333333333, 1.0, 0.3333333333333333, 1.0, 0.0], "acc": [0.9130434782608695, 0.9565217391304348, 0.8695652173913043, 0.8260869565217391, 0.782608695652174, 0.782608695652174, 0.9565217391304348, 0.8260869565217391, 0.9565217391304348, 0.8260869565217391], "auc": [0.9523809523809523, 1.0, 0.8636363636363636, 0.7833333333333333, 0.6428571428571429, 0.6666666666666666, 0.9545454545454546, 0.3, 1.0, 0.6666666666666667]}, "test": {"f1": [0.2857142857142857, 0.2222222222222222, 0.3333333333333333, 0.0, 0.25, 0.25, 0.25, 0.4444444444444444, 0.36363636363636365, 0.3333333333333333], "precision": [0.3333333333333333, 0.3333333333333333, 0.2, 0.0, 0.3333333333333333, 0.2, 0.25, 0.4, 0.25, 0.25], "recall": [0.25, 0.16666666666666666, 1.0, 0.0, 0.2, 0.3333333333333333, 0.25, 0.5, 0.6666666666666666, 0.5], "acc": [0.8958333333333334, 0.8541666666666666, 0.9166666666666666, 0.9166666666666666, 0.875, 0.875, 0.875, 0.8958333333333334, 0.8541666666666666, 0.9166666666666666], "auc": [0.6477272727272727, 0.8134920634920635, 0.9787234042553191, 0.7553191489361702, 0.8186046511627907, 0.39999999999999997, 0.7215909090909091, 0.5113636363636364, 0.6962962962962962, 0.9347826086956522]}}