{"param": {"class_weight": "balanced", "criterion": "entropy", "max_depth": 10, "min_samples_leaf": 1, "min_samples_split": 15}, "valid": {"f1": [1.0, 0.5, 0.25, 0.5714285714285714, 0.2857142857142857, 0.2857142857142857, 0.0, 0.0, 0.4, 0.0], "precision": [1.0, 0.3333333333333333, 0.14285714285714285, 0.5, 0.2, 0.25, 0.0, 0.0, 0.25, 0.0], "recall": [1.0, 1.0, 1.0, 0.6666666666666666, 0.5, 0.3333333333333333, 0.0, 0.0, 1.0, 0.0], "acc": [1.0, 0.9130434782608695, 0.7391304347826086, 0.8695652173913043, 0.782608695652174, 0.782608695652174, 0.8260869565217391, 0.782608695652174, 0.8695652173913043, 0.782608695652174], "auc": [1.0, 0.9545454545454545, 0.8636363636363636, 0.8, 0.6547619047619049, 0.575, 0.4318181818181818, 0.45, 0.9318181818181819, 0.4285714285714286]}, "test": {"f1": [0.2, 0.36363636363636365, 0.2, 0.13333333333333333, 0.5, 0.2, 0.5333333333333333, 0.18181818181818182, 0.2222222222222222, 0.4444444444444444], "precision": [0.16666666666666666, 0.4, 0.1111111111111111, 0.07142857142857142, 0.42857142857142855, 0.14285714285714285, 0.36363636363636365, 0.14285714285714285, 0.16666666666666666, 0.2857142857142857], "recall": [0.25, 0.3333333333333333, 1.0, 1.0, 0.6, 0.3333333333333333, 1.0, 0.25, 0.3333333333333333, 1.0], "acc": [0.8333333333333334, 0.8541666666666666, 0.8333333333333334, 0.7291666666666666, 0.875, 0.8333333333333334, 0.8541666666666666, 0.8125, 0.8541666666666666, 0.8958333333333334], "auc": [0.5340909090909091, 0.6309523809523809, 0.851063829787234, 0.8297872340425532, 0.7651162790697675, 0.5814814814814814, 0.9090909090909092, 0.5568181818181819, 0.6185185185185185, 0.9619565217391304]}}