{"param": {"class_weight": "balanced", "max_depth": 5, "min_child_samples": 10, "n_estimators": 70, "num_leaves": 15}, "valid": {"f1": [0.4, 0.2857142857142857, 0.3333333333333333, 0.5714285714285714, 0.4, 0.4, 0.3333333333333333, 0.0, 0.3333333333333333, 0.5], "precision": [0.25, 0.16666666666666666, 0.2, 0.5, 0.3333333333333333, 0.2857142857142857, 0.2, 0.0, 0.2, 0.3333333333333333], "recall": [1.0, 1.0, 1.0, 0.6666666666666666, 0.5, 0.6666666666666666, 1.0, 0.0, 1.0, 1.0], "acc": [0.8695652173913043, 0.782608695652174, 0.8260869565217391, 0.8695652173913043, 0.8695652173913043, 0.7391304347826086, 0.8260869565217391, 0.8695652173913043, 0.8260869565217391, 0.8260869565217391], "auc": [0.8636363636363636, 0.7727272727272727, 0.9772727272727273, 0.9333333333333333, 0.5476190476190477, 0.7, 0.8636363636363636, 0.6166666666666667, 1.0, 0.8809523809523809]}, "test": {"f1": [0.4, 0.42857142857142855, 0.25, 0.18181818181818182, 0.36363636363636365, 0.3333333333333333, 0.3333333333333333, 0.4444444444444444, 0.4444444444444444, 0.4], "precision": [0.3333333333333333, 0.3333333333333333, 0.14285714285714285, 0.1, 0.2857142857142857, 0.2, 0.2, 0.3333333333333333, 0.2857142857142857, 0.25], "recall": [0.5, 0.6, 1.0, 1.0, 0.5, 1.0, 1.0, 0.6666666666666666, 1.0, 1.0], "acc": [0.875, 0.8333333333333334, 0.875, 0.8125, 0.8541666666666666, 0.8333333333333334, 0.75, 0.8958333333333334, 0.8958333333333334, 0.875], "auc": [0.8778409090909091, 0.7767441860465116, 1.0, 0.9361702127659575, 0.9261363636363636, 1.0, 0.9185185185185185, 0.8814814814814814, 0.9347826086956522, 0.9891304347826086]}}