{"param": {"class_weight": "balanced", "learning_rate": 0.05, "max_depth": 4, "min_samples_split": 5, "n_estimators": 70}, "valid": {"f1": [0.4, 0.3333333333333333, 0.3333333333333333, 0.4, 0.0, 0.0, 0.3333333333333333, 0.4, 0.4, 0.6666666666666666], "precision": [0.25, 0.2, 0.2, 0.2857142857142857, 0.0, 0.0, 0.2, 0.5, 0.25, 1.0], "recall": [1.0, 1.0, 1.0, 0.6666666666666666, 0.0, 0.0, 1.0, 0.3333333333333333, 1.0, 0.5], "acc": [0.8695652173913043, 0.8260869565217391, 0.8260869565217391, 0.7391304347826086, 0.6521739130434783, 0.782608695652174, 0.8260869565217391, 0.8695652173913043, 0.8695652173913043, 0.9565217391304348], "auc": [0.8636363636363636, 0.8181818181818181, 0.9772727272727272, 0.8083333333333333, 0.6666666666666667, 0.5666666666666667, 0.9545454545454545, 0.8166666666666667, 1.0, 0.8095238095238095]}, "test": {"f1": [0.5454545454545454, 0.35294117647058826, 0.25, 0.16666666666666666, 0.46153846153846156, 0.4444444444444444, 0.3076923076923077, 0.4, 0.2222222222222222, 0.3333333333333333], "precision": [0.42857142857142855, 0.25, 0.14285714285714285, 0.09090909090909091, 0.3333333333333333, 0.2857142857142857, 0.2, 0.2857142857142857, 0.14285714285714285, 0.2], "recall": [0.75, 0.6, 1.0, 1.0, 0.75, 1.0, 0.6666666666666666, 0.6666666666666666, 0.5, 1.0], "acc": [0.8958333333333334, 0.7708333333333334, 0.875, 0.7916666666666666, 0.8541666666666666, 0.8958333333333334, 0.8125, 0.875, 0.8541666666666666, 0.8333333333333334], "auc": [0.8607954545454545, 0.8302325581395349, 0.9574468085106382, 0.8936170212765958, 0.9659090909090909, 1.0, 0.7481481481481481, 0.8592592592592593, 0.8043478260869565, 1.0]}}