{"param": {"class_weight": "balanced", "criterion": "gini", "max_depth": 35, "min_samples_leaf": 1, "min_samples_split": 2}, "valid": {"f1": [0.5, 0.0, 0.4, 0.5714285714285714, 0.25, 0.0, 0.5, 0.0, 0.5, 0.5], "precision": [0.3333333333333333, 0.0, 0.25, 0.5, 0.16666666666666666, 0.0, 0.3333333333333333, 0.0, 0.3333333333333333, 0.5], "recall": [1.0, 0.0, 1.0, 0.6666666666666666, 0.5, 0.0, 1.0, 0.0, 1.0, 0.5], "acc": [0.9130434782608695, 0.7391304347826086, 0.8695652173913043, 0.8695652173913043, 0.7391304347826086, 0.782608695652174, 0.9130434782608695, 0.7391304347826086, 0.9130434782608695, 0.9130434782608695], "auc": [0.9318181818181818, 0.38636363636363635, 0.9318181818181819, 0.7833333333333333, 0.6071428571428571, 0.45, 0.9545454545454545, 0.425, 0.9545454545454545, 0.726190476190476]}, "test": {"f1": [0.4, 0.4, 0.25, 0.2222222222222222, 0.4, 0.5714285714285714, 0.14285714285714285, 0.25, 0.4, 0.3333333333333333], "precision": [0.3333333333333333, 0.4, 0.14285714285714285, 0.125, 0.3333333333333333, 0.4, 0.09090909090909091, 0.2, 0.3333333333333333, 0.25], "recall": [0.5, 0.4, 1.0, 1.0, 0.5, 1.0, 0.3333333333333333, 0.3333333333333333, 0.5, 0.5], "acc": [0.875, 0.875, 0.875, 0.8541666666666666, 0.875, 0.9375, 0.75, 0.875, 0.9375, 0.9166666666666666], "auc": [0.7102272727272727, 0.6697674418604651, 0.9680851063829787, 0.925531914893617, 0.6818181818181818, 0.9673913043478262, 0.5555555555555556, 0.6222222222222222, 0.7282608695652175, 0.717391304347826]}}