{"param": {"class_weight": "balanced", "max_depth": null, "min_samples_leaf": 3, "min_samples_split": 2, "n_estimators": 90}, "valid": {"f1": [0.0, 0.0, 0.0, 0.5, 0.0, 0.0, 0.0, 0.0, 0.0, 0.6666666666666666], "precision": [0.0, 0.0, 0.0, 1.0, 0.0, 0.0, 0.0, 0.0, 0.0, 1.0], "recall": [0.0, 0.0, 0.0, 0.3333333333333333, 0.0, 0.0, 0.0, 0.0, 0.0, 0.5], "acc": [0.9565217391304348, 0.9130434782608695, 0.8695652173913043, 0.9130434782608695, 0.9130434782608695, 0.8695652173913043, 0.9565217391304348, 0.8695652173913043, 0.9565217391304348, 0.9565217391304348], "auc": [0.8636363636363636, 0.8181818181818181, 0.7727272727272727, 0.9333333333333333, 0.738095238095238, 0.5166666666666667, 0.7272727272727273, 0.5166666666666666, 0.8181818181818181, 0.6904761904761905]}, "test": {"f1": [0.4, 0.25, 0.6666666666666666, 0.0, 0.3333333333333333, 0.5, 0.0, 0.3333333333333333, 0.5, 0.5], "precision": [1.0, 0.3333333333333333, 0.5, 0.0, 0.5, 0.5, 0.0, 0.3333333333333333, 0.5, 0.5], "recall": [0.25, 0.2, 1.0, 0.0, 0.25, 0.5, 0.0, 0.3333333333333333, 0.5, 0.5], "acc": [0.9375, 0.875, 0.9791666666666666, 0.9583333333333334, 0.9166666666666666, 0.9583333333333334, 0.9166666666666666, 0.9166666666666666, 0.9583333333333334, 0.9583333333333334], "auc": [0.8011363636363636, 0.7209302325581397, 0.9787234042553191, 0.9361702127659575, 0.9147727272727273, 0.9565217391304348, 0.888888888888889, 0.7703703703703704, 0.8478260869565217, 0.9891304347826088]}}