{"param": {"class_weight": null, "gamma": 0, "learning_rate": 0.03, "max_depth": null, "min_child_weight": 1, "n_estimators": 35, "scale_pos_weight": 5}, "valid": {"f1": [0.0, 0.6666666666666666, 0.5, 0.4, 0.0, 0.0, 0.0, 0.0, 1.0, 0.6666666666666666], "precision": [0.0, 0.5, 0.3333333333333333, 0.5, 0.0, 0.0, 0.0, 0.0, 1.0, 1.0], "recall": [0.0, 1.0, 1.0, 0.3333333333333333, 0.0, 0.0, 0.0, 0.0, 1.0, 0.5], "acc": [0.9130434782608695, 0.9565217391304348, 0.9130434782608695, 0.8695652173913043, 0.9130434782608695, 0.8695652173913043, 0.9565217391304348, 0.782608695652174, 1.0, 0.9565217391304348], "auc": [0.9545454545454546, 0.9545454545454546, 0.9318181818181818, 0.7666666666666667, 0.75, 0.7, 0.9090909090909091, 0.5833333333333333, 1.0, 0.8095238095238095]}, "test": {"f1": [0.2222222222222222, 0.3333333333333333, 0.4, 0.0, 0.4, 0.0, 0.4, 0.2857142857142857, 0.3333333333333333, 0.3333333333333333], "precision": [0.2, 1.0, 0.25, 0.0, 1.0, 0.0, 0.5, 0.25, 0.25, 0.25], "recall": [0.25, 0.2, 1.0, 0.0, 0.25, 0.0, 0.3333333333333333, 0.3333333333333333, 0.5, 0.5], "acc": [0.8541666666666666, 0.9166666666666666, 0.9375, 0.9166666666666666, 0.9375, 0.9166666666666666, 0.9375, 0.8958333333333334, 0.9166666666666666, 0.9166666666666666], "auc": [0.5369318181818181, 0.5325581395348837, 0.9787234042553192, 0.8936170212765958, 0.8068181818181819, 0.9130434782608696, 0.6851851851851851, 0.6777777777777777, 0.8043478260869565, 0.9021739130434783]}}