{"param": {"class_weight": "balanced", "criterion": "gini", "max_depth": null, "min_samples_leaf": 1, "min_samples_split": 4}, "valid": {"f1": [0.0, 0.5, 0.4, 0.5714285714285714, 0.0, 0.0, 0.0, 0.0, 1.0, 0.4], "precision": [0.0, 0.3333333333333333, 0.25, 0.5, 0.0, 0.0, 0.0, 0.0, 1.0, 0.3333333333333333], "recall": [0.0, 1.0, 1.0, 0.6666666666666666, 0.0, 0.0, 0.0, 0.0, 1.0, 0.5], "acc": [0.9130434782608695, 0.9130434782608695, 0.8695652173913043, 0.8695652173913043, 0.8260869565217391, 0.8695652173913043, 0.9130434782608695, 0.782608695652174, 1.0, 0.8695652173913043], "auc": [0.4772727272727273, 0.9545454545454545, 0.9545454545454546, 0.7666666666666667, 0.4523809523809524, 0.5, 0.4772727272727273, 0.45, 1.0, 0.7142857142857143]}, "test": {"f1": [0.2, 0.25, 0.3333333333333333, 0.15384615384615385, 0.2, 0.8, 0.2857142857142857, 0.25, 0.4, 0.4444444444444444], "precision": [0.16666666666666666, 0.3333333333333333, 0.2, 0.08333333333333333, 0.16666666666666666, 0.6666666666666666, 0.25, 0.2, 0.3333333333333333, 0.2857142857142857], "recall": [0.25, 0.2, 1.0, 1.0, 0.25, 1.0, 0.3333333333333333, 0.3333333333333333, 0.5, 1.0], "acc": [0.8333333333333334, 0.875, 0.9166666666666666, 0.7708333333333334, 0.8333333333333334, 0.9791666666666666, 0.8958333333333334, 0.875, 0.9375, 0.8958333333333334], "auc": [0.5738636363636364, 0.5744186046511628, 0.9680851063829787, 0.9148936170212766, 0.5568181818181818, 0.9782608695652174, 0.6333333333333333, 0.6222222222222222, 0.7336956521739131, 0.9510869565217391]}}