{"param": {"class_weight": "balanced", "max_depth": null, "min_samples_leaf": 2, "min_samples_split": 5, "n_estimators": 15}, "valid": {"f1": [0.5, 0.0, 0.5, 0.3333333333333333, 0.25, 0.3333333333333333, 0.6666666666666666, 0.0, 0.5, 0.6666666666666666], "precision": [0.3333333333333333, 0.0, 0.3333333333333333, 0.2222222222222222, 0.16666666666666666, 0.3333333333333333, 0.5, 0.0, 0.3333333333333333, 1.0], "recall": [1.0, 0.0, 1.0, 0.6666666666666666, 0.5, 0.3333333333333333, 1.0, 0.0, 1.0, 0.5], "acc": [0.9130434782608695, 0.9130434782608695, 0.9130434782608695, 0.6521739130434783, 0.7391304347826086, 0.8260869565217391, 0.9565217391304348, 0.8260869565217391, 0.9130434782608695, 0.9565217391304348], "auc": [0.9090909090909091, 0.9545454545454546, 0.9772727272727273, 0.85, 0.8095238095238095, 0.7, 0.9545454545454545, 0.7, 1.0, 0.8095238095238095]}, "test": {"f1": [0.6666666666666666, 0.2222222222222222, 0.0, 0.16666666666666666, 0.8, 0.4, 0.5, 0.2857142857142857, 0.5, 0.36363636363636365], "precision": [0.6, 0.25, 0.0, 0.09090909090909091, 0.6666666666666666, 0.3333333333333333, 0.4, 0.25, 0.3333333333333333, 0.2222222222222222], "recall": [0.75, 0.2, 0.0, 1.0, 1.0, 0.5, 0.6666666666666666, 0.3333333333333333, 1.0, 1.0], "acc": [0.9375, 0.8541666666666666, 0.875, 0.7916666666666666, 0.9583333333333334, 0.9375, 0.9166666666666666, 0.8958333333333334, 0.9166666666666666, 0.8541666666666666], "auc": [0.9460227272727273, 0.8558139534883721, 0.8723404255319149, 0.8297872340425532, 0.9772727272727273, 0.8967391304347826, 0.8888888888888888, 0.8296296296296297, 0.9347826086956522, 1.0]}}