{"param": {"class_weight": "balanced", "learning_rate": 0.03, "max_depth": null, "min_samples_split": 2, "n_estimators": 70}, "valid": {"f1": [0.0, 0.6666666666666666, 0.2857142857142857, 0.5714285714285714, 0.0, 0.0, 0.0, 0.0, 1.0, 0.5], "precision": [0.0, 0.5, 0.16666666666666666, 0.5, 0.0, 0.0, 0.0, 0.0, 1.0, 0.5], "recall": [0.0, 1.0, 1.0, 0.6666666666666666, 0.0, 0.0, 0.0, 0.0, 1.0, 0.5], "acc": [0.9130434782608695, 0.9565217391304348, 0.782608695652174, 0.8695652173913043, 0.8695652173913043, 0.8695652173913043, 0.9130434782608695, 0.782608695652174, 1.0, 0.9130434782608695], "auc": [0.15909090909090912, 0.9545454545454545, 0.9090909090909091, 0.7, 0.11904761904761907, 0.475, 0.36363636363636365, 0.45, 1.0, 0.5714285714285714]}, "test": {"f1": [0.25, 0.2857142857142857, 0.3333333333333333, 0.16666666666666666, 0.2, 0.5, 0.2857142857142857, 0.25, 0.4, 0.5714285714285714], "precision": [0.25, 0.5, 0.2, 0.09090909090909091, 0.16666666666666666, 0.5, 0.25, 0.2, 0.3333333333333333, 0.4], "recall": [0.25, 0.2, 1.0, 1.0, 0.25, 0.5, 0.3333333333333333, 0.3333333333333333, 0.5, 1.0], "acc": [0.875, 0.8958333333333334, 0.9166666666666666, 0.7916666666666666, 0.8333333333333334, 0.9583333333333334, 0.8958333333333334, 0.875, 0.9375, 0.9375], "auc": [0.53125, 0.6162790697674418, 0.9787234042553192, 0.9468085106382979, 0.5596590909090909, 0.9782608695652174, 0.5703703703703704, 0.6333333333333333, 0.7282608695652175, 0.9782608695652174]}}