{"param": {"class_weight": null, "gamma": 0, "learning_rate": 0.1, "max_depth": null, "min_child_weight": 1, "n_estimators": 10, "scale_pos_weight": 5}, "valid": {"f1": [0.0, 0.0, 0.6666666666666666, 0.5714285714285714, 0.0, 0.0, 0.6666666666666666, 0.0, 1.0, 0.6666666666666666], "precision": [0.0, 0.0, 0.5, 0.5, 0.0, 0.0, 0.5, 0.0, 1.0, 1.0], "recall": [0.0, 0.0, 1.0, 0.6666666666666666, 0.0, 0.0, 1.0, 0.0, 1.0, 0.5], "acc": [0.9130434782608695, 0.9130434782608695, 0.9565217391304348, 0.8695652173913043, 0.8695652173913043, 0.8260869565217391, 0.9565217391304348, 0.8695652173913043, 1.0, 0.9565217391304348], "auc": [0.7272727272727273, 0.8863636363636364, 0.9772727272727273, 0.8083333333333333, 0.5714285714285714, 0.6833333333333333, 0.9545454545454545, 0.7333333333333333, 1.0, 0.9523809523809524]}, "test": {"f1": [0.4, 0.4, 0.0, 0.5, 0.4, 0.8, 0.4, 0.25, 0.4, 0.5], "precision": [1.0, 0.4, 0.0, 0.3333333333333333, 1.0, 0.6666666666666666, 0.5, 0.2, 0.3333333333333333, 0.5], "recall": [0.25, 0.4, 0.0, 1.0, 0.25, 1.0, 0.3333333333333333, 0.3333333333333333, 0.5, 0.5], "acc": [0.9375, 0.875, 0.9375, 0.9583333333333334, 0.9375, 0.9791666666666666, 0.9375, 0.875, 0.9375, 0.9583333333333334], "auc": [0.8494318181818181, 0.7767441860465116, 0.9574468085106383, 0.9680851063829787, 0.8721590909090908, 0.9891304347826088, 0.8037037037037036, 0.8, 0.8641304347826086, 0.9891304347826086]}}