{"param": {"class_weight": "balanced", "max_depth": -1, "min_child_samples": 30, "n_estimators": 30, "num_leaves": 3}, "valid": {"f1": [0.6666666666666666, 0.3333333333333333, 0.25, 0.2857142857142857, 0.3333333333333333, 0.2222222222222222, 0.0, 0.25, 0.4, 0.3333333333333333], "precision": [0.5, 0.2, 0.14285714285714285, 0.25, 0.25, 0.16666666666666666, 0.0, 0.2, 0.25, 0.25], "recall": [1.0, 1.0, 1.0, 0.3333333333333333, 0.5, 0.3333333333333333, 0.0, 0.3333333333333333, 1.0, 0.5], "acc": [0.9565217391304348, 0.8260869565217391, 0.7391304347826086, 0.782608695652174, 0.8260869565217391, 0.6956521739130435, 0.8695652173913043, 0.7391304347826086, 0.8695652173913043, 0.8260869565217391], "auc": [1.0, 0.8181818181818181, 0.9545454545454545, 0.85, 0.8333333333333334, 0.48333333333333334, 0.7272727272727273, 0.6833333333333333, 0.8636363636363636, 0.7142857142857142]}, "test": {"f1": [0.18181818181818182, 0.4, 0.16666666666666666, 0.2222222222222222, 0.46153846153846156, 0.4, 0.2, 0.2222222222222222, 0.16666666666666666, 0.3333333333333333], "precision": [0.14285714285714285, 0.3, 0.09090909090909091, 0.125, 0.3333333333333333, 0.25, 0.14285714285714285, 0.16666666666666666, 0.1, 0.2], "recall": [0.25, 0.6, 1.0, 1.0, 0.75, 1.0, 0.3333333333333333, 0.3333333333333333, 0.5, 1.0], "acc": [0.8125, 0.8125, 0.7916666666666666, 0.8541666666666666, 0.8541666666666666, 0.875, 0.8333333333333334, 0.8541666666666666, 0.7916666666666666, 0.8333333333333334], "auc": [0.6022727272727272, 0.7302325581395349, 0.9787234042553192, 0.9148936170212765, 0.8522727272727273, 0.9347826086956521, 0.7555555555555555, 0.625925925925926, 0.8260869565217391, 1.0]}}