{"param": {"class_weight": null, "gamma": 0, "learning_rate": 0.1, "max_depth": null, "min_child_weight": 3, "n_estimators": 100, "scale_pos_weight": 10}, "valid": {"f1": [0.5379310344827586, 0.5131578947368421, 0.56, 0.6285714285714286, 0.5477707006369427, 0.4827586206896552, 0.5714285714285714, 0.5369127516778524, 0.5263157894736842, 0.4857142857142857], "precision": [0.4431818181818182, 0.41935483870967744, 0.4827586206896552, 0.5301204819277109, 0.44329896907216493, 0.3804347826086957, 0.4423076923076923, 0.449438202247191, 0.4090909090909091, 0.37777777777777777], "recall": [0.6842105263157895, 0.6610169491525424, 0.6666666666666666, 0.7719298245614035, 0.7166666666666667, 0.660377358490566, 0.8070175438596491, 0.6666666666666666, 0.7377049180327869, 0.68], "acc": [0.728744939271255, 0.7004048582995951, 0.7327935222672065, 0.7894736842105263, 0.7125506072874493, 0.6963562753036437, 0.7206477732793523, 0.7206477732793523, 0.6720647773279352, 0.708502024291498], "auc": [0.7683287165281625, 0.7404435629282367, 0.7612146307798482, 0.833056325023084, 0.7994652406417112, 0.7498054853141413, 0.8216066481994461, 0.7975044563279857, 0.7579763793407368, 0.747715736040609]}, "test": {"f1": [0.48366013071895425, 0.4864864864864865, 0.5314685314685315, 0.5170068027210885, 0.5454545454545454, 0.5454545454545454, 0.6533333333333333, 0.4397163120567376, 0.4297520661157025, 0.4276729559748428], "precision": [0.37, 0.375, 0.4175824175824176, 0.4318181818181818, 0.42424242424242425, 0.43333333333333335, 0.5212765957446809, 0.3333333333333333, 0.325, 0.3269230769230769], "recall": [0.6981132075471698, 0.6923076923076923, 0.7307692307692307, 0.6440677966101694, 0.7636363636363637, 0.7358490566037735, 0.875, 0.6458333333333334, 0.6341463414634146, 0.6181818181818182], "acc": [0.6827309236947792, 0.6947791164658634, 0.7309236947791165, 0.714859437751004, 0.7188755020080321, 0.7389558232931727, 0.7911646586345381, 0.6827309236947792, 0.7228915662650602, 0.6345381526104418], "auc": [0.7613111282248749, 0.7603475204998047, 0.8133541585318236, 0.7692239072256915, 0.8036551077788191, 0.8147862918752407, 0.8696336047372315, 0.7388059701492538, 0.7775562851782364, 0.7395501405810684]}}