{"param": {"class_weight": "balanced", "max_depth": 30, "min_samples_leaf": 2, "min_samples_split": 5, "n_estimators": 110}, "valid": {"f1": [0.40476190476190477, 0.38636363636363635, 0.45977011494252873, 0.5227272727272727, 0.4946236559139785, 0.3614457831325301, 0.47619047619047616, 0.5154639175257731, 0.4752475247524752, 0.3835616438356164], "precision": [0.6296296296296297, 0.5862068965517241, 0.8333333333333334, 0.7419354838709677, 0.696969696969697, 0.5, 0.7407407407407407, 0.6756756756756757, 0.6, 0.6086956521739131], "recall": [0.2982456140350877, 0.288135593220339, 0.31746031746031744, 0.40350877192982454, 0.38333333333333336, 0.2830188679245283, 0.3508771929824561, 0.4166666666666667, 0.39344262295081966, 0.28], "acc": [0.7975708502024291, 0.7813765182186235, 0.8097165991902834, 0.8299595141700404, 0.8097165991902834, 0.7854251012145749, 0.8218623481781376, 0.8097165991902834, 0.7854251012145749, 0.8178137651821862], "auc": [0.752723915050785, 0.7229534799855751, 0.7609558316080055, 0.833887349953832, 0.8009803921568628, 0.7213090838358297, 0.8404432132963989, 0.7744206773618538, 0.7455490921910806, 0.7328934010152285]}, "test": {"f1": [0.47058823529411764, 0.4444444444444444, 0.4935064935064935, 0.5, 0.5454545454545454, 0.4444444444444444, 0.5348837209302325, 0.37333333333333335, 0.45454545454545453, 0.379746835443038], "precision": [0.625, 0.5263157894736842, 0.76, 0.696969696969697, 0.7272727272727273, 0.6428571428571429, 0.7666666666666667, 0.5185185185185185, 0.6, 0.625], "recall": [0.37735849056603776, 0.38461538461538464, 0.36538461538461536, 0.3898305084745763, 0.43636363636363634, 0.33962264150943394, 0.4107142857142857, 0.2916666666666667, 0.36585365853658536, 0.2727272727272727], "acc": [0.8192771084337349, 0.7991967871485943, 0.8433734939759037, 0.8152610441767069, 0.8393574297188755, 0.8192771084337349, 0.8393574297188755, 0.8112449799196787, 0.8554216867469879, 0.8032128514056225], "auc": [0.8021755872160184, 0.7946114798906677, 0.829070675517376, 0.7699375557537913, 0.8039362699156514, 0.795822102425876, 0.8588082901554405, 0.8013059701492539, 0.8060506566604128, 0.771696344892221]}}