{"param": {"class_weight": "balanced", "max_depth": 30, "min_samples_leaf": 2, "min_samples_split": 5, "n_estimators": 100}, "valid": {"f1": [0.4444444444444444, 0.44755244755244755, 0.5401459854014599, 0.5179856115107914, 0.5362318840579711, 0.5151515151515151, 0.5303030303030303, 0.5, 0.5, 0.47863247863247865], "precision": [0.38461538461538464, 0.38095238095238093, 0.5, 0.43902439024390244, 0.47435897435897434, 0.43037974683544306, 0.4666666666666667, 0.42857142857142855, 0.4175824175824176, 0.417910447761194], "recall": [0.5263157894736842, 0.5423728813559322, 0.5873015873015873, 0.631578947368421, 0.6166666666666667, 0.6415094339622641, 0.6140350877192983, 0.6, 0.6229508196721312, 0.56], "acc": [0.6963562753036437, 0.680161943319838, 0.7449392712550608, 0.728744939271255, 0.7408906882591093, 0.7408906882591093, 0.7489878542510121, 0.708502024291498, 0.6923076923076923, 0.7530364372469636], "auc": [0.7105263157894737, 0.6815723043635051, 0.7334368530020704, 0.7539242843951984, 0.7821746880570409, 0.7036568760941451, 0.8002770083102493, 0.7187611408199643, 0.747047417592103, 0.726751269035533]}, "test": {"f1": [0.5692307692307692, 0.5147058823529411, 0.5378151260504201, 0.5234899328859061, 0.5573770491803278, 0.5528455284552846, 0.6129032258064516, 0.5151515151515151, 0.5, 0.5], "precision": [0.4805194805194805, 0.4166666666666667, 0.47761194029850745, 0.43333333333333335, 0.5074626865671642, 0.4857142857142857, 0.5588235294117647, 0.40476190476190477, 0.39436619718309857, 0.42857142857142855], "recall": [0.6981132075471698, 0.6730769230769231, 0.6153846153846154, 0.6610169491525424, 0.6181818181818182, 0.6415094339622641, 0.6785714285714286, 0.7083333333333334, 0.6829268292682927, 0.6], "acc": [0.7751004016064257, 0.7349397590361446, 0.7791164658634538, 0.714859437751004, 0.7831325301204819, 0.7791164658634538, 0.8072289156626506, 0.7429718875502008, 0.7751004016064257, 0.7349397590361446], "auc": [0.8247015787447054, 0.7761128465443186, 0.7926103084732525, 0.7444692239072257, 0.7791471415182756, 0.8166153253754332, 0.8033863804589193, 0.7870024875621892, 0.8044090056285178, 0.7424554826616683]}}