{"param": {"class_weight": "balanced", "criterion": "gini", "max_depth": 20, "min_samples_leaf": 2, "min_samples_split": 2}, "valid": {"f1": [0.42857142857142855, 0.4444444444444444, 0.4891304347826087, 0.5149700598802395, 0.4943820224719101, 0.423841059602649, 0.47674418604651164, 0.47368421052631576, 0.48677248677248675, 0.43636363636363634], "precision": [0.312, 0.3392857142857143, 0.371900826446281, 0.39090909090909093, 0.3728813559322034, 0.32653061224489793, 0.3565217391304348, 0.34615384615384615, 0.359375, 0.3130434782608696], "recall": [0.6842105263157895, 0.6440677966101694, 0.7142857142857143, 0.7543859649122807, 0.7333333333333333, 0.6037735849056604, 0.7192982456140351, 0.75, 0.7540983606557377, 0.72], "acc": [0.5789473684210527, 0.6153846153846154, 0.6194331983805668, 0.6720647773279352, 0.6356275303643725, 0.6477732793522267, 0.6356275303643725, 0.5951417004048583, 0.6072874493927125, 0.6234817813765182], "auc": [0.6518005540166205, 0.6505589614136315, 0.6495427881297446, 0.7688827331486611, 0.6819073083778966, 0.657508266874149, 0.6889658356417359, 0.6706327985739751, 0.6949145073153533, 0.6809137055837563]}, "test": {"f1": [0.4666666666666667, 0.4, 0.4484848484848485, 0.4418604651162791, 0.475, 0.4578313253012048, 0.4260355029585799, 0.43575418994413406, 0.3888888888888889, 0.3615819209039548], "precision": [0.33070866141732286, 0.2702702702702703, 0.3274336283185841, 0.336283185840708, 0.3619047619047619, 0.336283185840708, 0.3185840707964602, 0.29770992366412213, 0.27184466019417475, 0.26229508196721313], "recall": [0.7924528301886793, 0.7692307692307693, 0.7115384615384616, 0.6440677966101694, 0.6909090909090909, 0.7169811320754716, 0.6428571428571429, 0.8125, 0.6829268292682927, 0.5818181818181818], "acc": [0.6144578313253012, 0.5180722891566265, 0.6345381526104418, 0.6144578313253012, 0.6626506024096386, 0.6385542168674698, 0.6104417670682731, 0.5943775100401606, 0.6465863453815262, 0.5461847389558233], "auc": [0.6940700808625337, 0.6398867629832097, 0.6960659898477158, 0.6680196253345227, 0.7191190253045923, 0.6976800154023873, 0.6765358993338269, 0.7219631011608625, 0.6769465290806754, 0.5922680412371134]}}