{"param": {"class_weight": "balanced", "learning_rate": 0.1, "max_depth": 3, "min_samples_split": 4, "n_estimators": 130}, "valid": {"f1": [0.5255474452554745, 0.4892086330935252, 0.5588235294117647, 0.5777777777777777, 0.5694444444444444, 0.44274809160305345, 0.5833333333333334, 0.5342465753424658, 0.4585987261146497, 0.512], "precision": [0.45, 0.425, 0.5205479452054794, 0.5, 0.4880952380952381, 0.3717948717948718, 0.4827586206896552, 0.45348837209302323, 0.375, 0.4266666666666667], "recall": [0.631578947368421, 0.576271186440678, 0.6031746031746031, 0.6842105263157895, 0.6833333333333333, 0.5471698113207547, 0.7368421052631579, 0.65, 0.5901639344262295, 0.64], "acc": [0.7368421052631579, 0.7125506072874493, 0.757085020242915, 0.7692307692307693, 0.7489878542510121, 0.7044534412955465, 0.757085020242915, 0.7246963562753036, 0.6558704453441295, 0.7530364372469636], "auc": [0.7557710064635272, 0.7101514605120808, 0.7573326432022084, 0.8337950138504155, 0.8012477718360071, 0.7297704726706868, 0.8010156971375808, 0.7709447415329768, 0.7021857923497268, 0.7459898477157361]}, "test": {"f1": [0.4827586206896552, 0.4925373134328358, 0.5528455284552846, 0.5413533834586466, 0.5142857142857142, 0.5648854961832062, 0.6323529411764706, 0.48695652173913045, 0.47368421052631576, 0.4722222222222222], "precision": [0.3804347826086957, 0.4024390243902439, 0.4788732394366197, 0.4864864864864865, 0.4235294117647059, 0.47435897435897434, 0.5375, 0.417910447761194, 0.3698630136986301, 0.38202247191011235], "recall": [0.660377358490566, 0.6346153846153846, 0.6538461538461539, 0.6101694915254238, 0.6545454545454545, 0.6981132075471698, 0.7678571428571429, 0.5833333333333334, 0.6585365853658537, 0.6181818181818182], "acc": [0.6987951807228916, 0.7269076305220884, 0.7791164658634538, 0.7550200803212851, 0.7269076305220884, 0.7710843373493976, 0.7991967871485943, 0.7630522088353414, 0.7590361445783133, 0.6947791164658634], "auc": [0.7759915286869464, 0.7392131979695432, 0.8058375634517767, 0.7550401427297057, 0.7865042174320525, 0.7880246438197921, 0.8452072538860104, 0.7649253731343284, 0.800891181988743, 0.750796626054358]}}