{"param": {"class_weight": "balanced", "learning_rate": 0.1, "max_depth": 10, "min_samples_split": 3, "n_estimators": 130}, "valid": {"f1": [0.48854961832061067, 0.4409448818897638, 0.56, 0.6031746031746031, 0.47692307692307695, 0.48739495798319327, 0.5736434108527132, 0.5151515151515151, 0.4927536231884058, 0.49056603773584906], "precision": [0.43243243243243246, 0.4117647058823529, 0.5645161290322581, 0.5507246376811594, 0.44285714285714284, 0.4393939393939394, 0.5138888888888888, 0.4722222222222222, 0.44155844155844154, 0.4642857142857143], "recall": [0.5614035087719298, 0.4745762711864407, 0.5555555555555556, 0.6666666666666666, 0.5166666666666667, 0.5471698113207547, 0.6491228070175439, 0.5666666666666667, 0.5573770491803278, 0.52], "acc": [0.728744939271255, 0.7125506072874493, 0.7773279352226721, 0.7975708502024291, 0.7246963562753036, 0.7530364372469636, 0.7773279352226721, 0.7408906882591093, 0.7165991902834008, 0.7813765182186235], "auc": [0.7444598337950139, 0.6770194734944104, 0.7385697032436163, 0.7802400738688827, 0.7351158645276292, 0.7296245866562925, 0.801477377654663, 0.7368538324420678, 0.7318438216111405, 0.7577157360406092]}, "test": {"f1": [0.5079365079365079, 0.5035971223021583, 0.5565217391304348, 0.45112781954887216, 0.5172413793103449, 0.6608695652173913, 0.5391304347826087, 0.5263157894736842, 0.42990654205607476, 0.41739130434782606], "precision": [0.4383561643835616, 0.40229885057471265, 0.5079365079365079, 0.40540540540540543, 0.4918032786885246, 0.6129032258064516, 0.5254237288135594, 0.45454545454545453, 0.3484848484848485, 0.4], "recall": [0.6037735849056604, 0.6730769230769231, 0.6153846153846154, 0.5084745762711864, 0.5454545454545454, 0.7169811320754716, 0.5535714285714286, 0.625, 0.5609756097560976, 0.43636363636363634], "acc": [0.751004016064257, 0.7228915662650602, 0.7951807228915663, 0.7068273092369478, 0.7751004016064257, 0.8433734939759037, 0.7871485943775101, 0.7831325301204819, 0.7550200803212851, 0.7309236947791165], "auc": [0.7860993453985369, 0.7589320577899259, 0.7897793830534949, 0.6896966993755576, 0.7523430178069352, 0.8460723912206392, 0.7847890451517395, 0.7994402985074628, 0.7592049718574109, 0.7046391752577319]}}