{"param": {"class_weight": "balanced", "max_depth": -1, "min_child_samples": 10, "n_estimators": 100, "num_leaves": 19}, "valid": {"f1": [0.5070422535211268, 0.4460431654676259, 0.5234899328859061, 0.5441176470588235, 0.5135135135135135, 0.46153846153846156, 0.5915492957746479, 0.5142857142857142, 0.5316455696202531, 0.4566929133858268], "precision": [0.4235294117647059, 0.3875, 0.45348837209302323, 0.46835443037974683, 0.4318181818181818, 0.38961038961038963, 0.49411764705882355, 0.45, 0.4329896907216495, 0.37662337662337664], "recall": [0.631578947368421, 0.5254237288135594, 0.6190476190476191, 0.6491228070175439, 0.6333333333333333, 0.5660377358490566, 0.7368421052631579, 0.6, 0.6885245901639344, 0.58], "acc": [0.7165991902834008, 0.6882591093117408, 0.7125506072874493, 0.7489878542510121, 0.708502024291498, 0.7165991902834008, 0.7651821862348178, 0.7246963562753036, 0.7004048582995951, 0.7206477732793523], "auc": [0.7439058171745152, 0.6693562928236567, 0.7281314699792961, 0.7641274238227147, 0.7449643493761141, 0.7089087726123323, 0.7956602031394275, 0.7151069518716577, 0.7536136083201128, 0.7286294416243655]}, "test": {"f1": [0.5714285714285714, 0.5, 0.5581395348837209, 0.5165562913907285, 0.49612403100775193, 0.6, 0.5547445255474452, 0.5038167938931297, 0.46153846153846156, 0.4444444444444444], "precision": [0.475, 0.3854166666666667, 0.4675324675324675, 0.42391304347826086, 0.43243243243243246, 0.5064935064935064, 0.4691358024691358, 0.39759036144578314, 0.35526315789473684, 0.375], "recall": [0.7169811320754716, 0.7115384615384616, 0.6923076923076923, 0.6610169491525424, 0.5818181818181818, 0.7358490566037735, 0.6785714285714286, 0.6875, 0.6585365853658537, 0.5454545454545454], "acc": [0.7710843373493976, 0.7028112449799196, 0.7710843373493976, 0.7068273092369478, 0.7389558232931727, 0.7911646586345381, 0.7550200803212851, 0.7389558232931727, 0.7469879518072289, 0.6987951807228916], "auc": [0.8313438582980363, 0.7745509566575557, 0.8026649746192893, 0.730463871543265, 0.7537019681349578, 0.8221986907970735, 0.8064396743153219, 0.7810427031509122, 0.7671200750469043, 0.7007497656982193]}}