{"param": {"class_weight": "balanced", "max_depth": -1, "min_child_samples": 10, "n_estimators": 100, "num_leaves": 15}, "valid": {"f1": [0.5344827586206896, 0.5454545454545454, 0.5365853658536586, 0.64, 0.56, 0.46774193548387094, 0.5932203389830508, 0.5691056910569106, 0.5255474452554745, 0.5185185185185185], "precision": [0.5254237288135594, 0.532258064516129, 0.55, 0.5882352941176471, 0.5384615384615384, 0.4084507042253521, 0.5737704918032787, 0.5555555555555556, 0.47368421052631576, 0.4827586206896552], "recall": [0.543859649122807, 0.559322033898305, 0.5238095238095238, 0.7017543859649122, 0.5833333333333334, 0.5471698113207547, 0.6140350877192983, 0.5833333333333334, 0.5901639344262295, 0.56], "acc": [0.7813765182186235, 0.7773279352226721, 0.7692307692307693, 0.8178137651821862, 0.7773279352226721, 0.7327935222672065, 0.805668016194332, 0.7854251012145749, 0.7368421052631579, 0.7894736842105263], "auc": [0.7761772853185596, 0.7443202307969707, 0.7705314009661836, 0.8516158818097876, 0.8150623885918002, 0.7499027426570706, 0.7981532779316713, 0.7863636363636364, 0.7551560021152829, 0.778984771573604]}, "test": {"f1": [0.5161290322580645, 0.5040650406504065, 0.5535714285714286, 0.5454545454545454, 0.5846153846153846, 0.5084745762711864, 0.6902654867256637, 0.5294117647058824, 0.5106382978723404, 0.5084745762711864], "precision": [0.4507042253521127, 0.43661971830985913, 0.5166666666666667, 0.532258064516129, 0.5066666666666667, 0.46153846153846156, 0.6842105263157895, 0.5, 0.4528301886792453, 0.47619047619047616], "recall": [0.6037735849056604, 0.5961538461538461, 0.5961538461538461, 0.559322033898305, 0.6909090909090909, 0.5660377358490566, 0.6964285714285714, 0.5625, 0.5853658536585366, 0.5454545454545454], "acc": [0.7590361445783133, 0.7550200803212851, 0.7991967871485943, 0.7791164658634538, 0.7831325301204819, 0.7670682730923695, 0.8594377510040161, 0.8072289156626506, 0.8152610441767069, 0.7670682730923695], "auc": [0.7706488255679631, 0.7771378367825068, 0.8258492776259274, 0.741391614629795, 0.8223055295220243, 0.790912591451675, 0.8648223538119911, 0.7886608623548922, 0.8047607879924953, 0.7697282099343955]}}