{"param": {"class_weight": "balanced", "criterion": "gini", "max_depth": 10, "min_samples_leaf": 3, "min_samples_split": 7}, "valid": {"f1": [0.4155844155844156, 0.3939393939393939, 0.45569620253164556, 0.48717948717948717, 0.4691358024691358, 0.34782608695652173, 0.5256410256410257, 0.46060606060606063, 0.4375, 0.3684210526315789], "precision": [0.32989690721649484, 0.3561643835616438, 0.37894736842105264, 0.3838383838383838, 0.37254901960784315, 0.25925925925925924, 0.41414141414141414, 0.3619047619047619, 0.35353535353535354, 0.27450980392156865], "recall": [0.5614035087719298, 0.4406779661016949, 0.5714285714285714, 0.6666666666666666, 0.6333333333333333, 0.5283018867924528, 0.7192982456140351, 0.6333333333333333, 0.5737704918032787, 0.56], "acc": [0.6356275303643725, 0.6761133603238867, 0.6518218623481782, 0.6761133603238867, 0.6518218623481782, 0.5748987854251012, 0.7004048582995951, 0.6396761133603239, 0.6356275303643725, 0.611336032388664], "auc": [0.6062788550323176, 0.6100793364587089, 0.6660196687370601, 0.7059095106186519, 0.669295900178253, 0.5817447967321532, 0.735826408125577, 0.6605169340463457, 0.6306187202538339, 0.5938578680203046]}, "test": {"f1": [0.44025157232704404, 0.5303030303030303, 0.423841059602649, 0.4258064516129032, 0.4444444444444444, 0.45161290322580644, 0.4774193548387097, 0.366412213740458, 0.4409448818897638, 0.44025157232704404], "precision": [0.330188679245283, 0.4375, 0.32323232323232326, 0.34375, 0.3595505617977528, 0.3431372549019608, 0.37373737373737376, 0.2891566265060241, 0.32558139534883723, 0.33653846153846156], "recall": [0.660377358490566, 0.6730769230769231, 0.6153846153846154, 0.559322033898305, 0.5818181818181818, 0.660377358490566, 0.6607142857142857, 0.5, 0.6829268292682927, 0.6363636363636364], "acc": [0.642570281124498, 0.751004016064257, 0.6506024096385542, 0.642570281124498, 0.678714859437751, 0.6586345381526104, 0.6746987951807228, 0.6666666666666666, 0.714859437751004, 0.642570281124498], "auc": [0.6963323065075087, 0.7574677860210854, 0.6577020695040999, 0.6561998215878679, 0.6795688847235238, 0.6803523296110897, 0.7160899333826795, 0.6125103648424545, 0.7288930581613509, 0.6591377694470477]}}