{"param": {"class_weight": null, "gamma": 1, "learning_rate": 0.1, "max_depth": 9, "min_child_weight": 3, "n_estimators": 100, "scale_pos_weight": 3}, "valid": {"f1": [0.4927536231884058, 0.4, 0.5467625899280576, 0.5147058823529411, 0.5034965034965035, 0.48484848484848486, 0.5777777777777777, 0.5072463768115942, 0.5222929936305732, 0.46875], "precision": [0.41975308641975306, 0.35526315789473684, 0.5, 0.4430379746835443, 0.43373493975903615, 0.4050632911392405, 0.5, 0.44871794871794873, 0.4270833333333333, 0.38461538461538464], "recall": [0.5964912280701754, 0.4576271186440678, 0.6031746031746031, 0.6140350877192983, 0.6, 0.6037735849056604, 0.6842105263157895, 0.5833333333333334, 0.6721311475409836, 0.6], "acc": [0.7165991902834008, 0.6720647773279352, 0.7449392712550608, 0.7327935222672065, 0.7125506072874493, 0.7246963562753036, 0.7692307692307693, 0.7246963562753036, 0.6963562753036437, 0.7246963562753036], "auc": [0.7559556786703602, 0.6700324558240173, 0.7431849551414768, 0.7600646352723914, 0.7496434937611408, 0.7148414705310252, 0.8090489381348107, 0.7255793226381461, 0.7446677243081262, 0.7251776649746192]}, "test": {"f1": [0.5671641791044776, 0.5, 0.5454545454545454, 0.5234899328859061, 0.5039370078740157, 0.5454545454545454, 0.5648854961832062, 0.4740740740740741, 0.48695652173913045, 0.4496124031007752], "precision": [0.4691358024691358, 0.3977272727272727, 0.4782608695652174, 0.43333333333333335, 0.4444444444444444, 0.45569620253164556, 0.49333333333333335, 0.367816091954023, 0.3783783783783784, 0.3918918918918919], "recall": [0.7169811320754716, 0.6730769230769231, 0.6346153846153846, 0.6610169491525424, 0.5818181818181818, 0.6792452830188679, 0.6607142857142857, 0.6666666666666666, 0.6829268292682927, 0.5272727272727272], "acc": [0.7670682730923695, 0.7188755020080321, 0.7791164658634538, 0.714859437751004, 0.7469879518072289, 0.7590361445783133, 0.7710843373493976, 0.714859437751004, 0.7630522088353414, 0.714859437751004], "auc": [0.8104062379668848, 0.7725985942991019, 0.7742092932448261, 0.7225245316681534, 0.76340206185567, 0.8127165960723912, 0.8158308660251665, 0.78125, 0.7908653846153846, 0.7119025304592315]}}