{"param": {"class_weight": "balanced", "max_depth": 35, "min_samples_leaf": 2, "min_samples_split": 5, "n_estimators": 70}, "valid": {"f1": [0.42735042735042733, 0.43333333333333335, 0.5, 0.48739495798319327, 0.5245901639344263, 0.4827586206896552, 0.5040650406504065, 0.4881889763779528, 0.4852941176470588, 0.44660194174757284], "precision": [0.35714285714285715, 0.36619718309859156, 0.4492753623188406, 0.4084507042253521, 0.45714285714285713, 0.4, 0.4189189189189189, 0.41333333333333333, 0.4074074074074074, 0.39655172413793105], "recall": [0.5319148936170213, 0.5306122448979592, 0.5636363636363636, 0.6041666666666666, 0.6153846153846154, 0.6086956521739131, 0.6326530612244898, 0.5961538461538461, 0.6, 0.5111111111111111], "acc": [0.728744939271255, 0.7246963562753036, 0.7489878542510121, 0.7530364372469636, 0.7651821862348178, 0.757085020242915, 0.7530364372469636, 0.7368421052631579, 0.7165991902834008, 0.7692307692307693], "auc": [0.7104255319148935, 0.6987219130076273, 0.7281723484848485, 0.7380653266331659, 0.7803254437869822, 0.733668613454467, 0.8170480313337456, 0.7237179487179487, 0.7391098484848485, 0.6839933993399341]}, "test": {"f1": [0.5660377358490566, 0.5, 0.5142857142857142, 0.5736434108527132, 0.5585585585585585, 0.4485981308411215, 0.5555555555555556, 0.5172413793103449, 0.5054945054945055, 0.532258064516129], "precision": [0.5172413793103449, 0.38461538461538464, 0.4426229508196721, 0.4805194805194805, 0.5166666666666667, 0.375, 0.5357142857142857, 0.4, 0.41818181818181815, 0.44], "recall": [0.625, 0.7142857142857143, 0.6136363636363636, 0.7115384615384616, 0.6078431372549019, 0.5581395348837209, 0.5769230769230769, 0.7317073170731707, 0.6388888888888888, 0.673469387755102], "acc": [0.8152610441767069, 0.7590361445783133, 0.7951807228915663, 0.7791164658634538, 0.8032128514056225, 0.7630522088353414, 0.8072289156626506, 0.7751004016064257, 0.8192771084337349, 0.7670682730923695], "auc": [0.8277363184079601, 0.8178053830227743, 0.8215077605321507, 0.8064720812182742, 0.8228857199445435, 0.785956197787311, 0.8033971105037094, 0.8125, 0.816510172143975, 0.773265306122449]}}