{"param": {"class_weight": "balanced", "max_depth": 30, "min_samples_leaf": 2, "min_samples_split": 2, "n_estimators": 100}, "valid": {"f1": [0.4117647058823529, 0.379746835443038, 0.43243243243243246, 0.4383561643835616, 0.45, 0.3561643835616438, 0.4473684210526316, 0.4675324675324675, 0.5, 0.3582089552238806], "precision": [0.6666666666666666, 0.5, 0.8421052631578947, 0.64, 0.6428571428571429, 0.48148148148148145, 0.6296296296296297, 0.72, 0.6666666666666666, 0.5454545454545454], "recall": [0.2978723404255319, 0.30612244897959184, 0.2909090909090909, 0.3333333333333333, 0.34615384615384615, 0.2826086956521739, 0.3469387755102041, 0.34615384615384615, 0.4, 0.26666666666666666], "acc": [0.8380566801619433, 0.8016194331983806, 0.8299595141700404, 0.8340080971659919, 0.8218623481781376, 0.8097165991902834, 0.8299595141700404, 0.8340080971659919, 0.8218623481781376, 0.8259109311740891], "auc": [0.7720212765957446, 0.7120181405895691, 0.7588068181818182, 0.7974246231155778, 0.8066074950690336, 0.7604369457062514, 0.8504432075860647, 0.7755424063116371, 0.7374053030303029, 0.7244224422442245]}, "test": {"f1": [0.4931506849315068, 0.4444444444444444, 0.46153846153846156, 0.48717948717948717, 0.5822784810126582, 0.3880597014925373, 0.5569620253164557, 0.42424242424242425, 0.49122807017543857, 0.36923076923076925], "precision": [0.72, 0.5333333333333333, 0.7142857142857143, 0.7307692307692307, 0.8214285714285714, 0.5416666666666666, 0.8148148148148148, 0.56, 0.6666666666666666, 0.75], "recall": [0.375, 0.38095238095238093, 0.3409090909090909, 0.36538461538461536, 0.45098039215686275, 0.3023255813953488, 0.4230769230769231, 0.34146341463414637, 0.3888888888888889, 0.24489795918367346], "acc": [0.8514056224899599, 0.8393574297188755, 0.8594377510040161, 0.8393574297188755, 0.8674698795180723, 0.8353413654618473, 0.8594377510040161, 0.8473895582329317, 0.8835341365461847, 0.8353413654618473], "auc": [0.8405887230514096, 0.8350586611456177, 0.8616407982261641, 0.8307301835220616, 0.8562091503267973, 0.7927297358320162, 0.8515228426395938, 0.8171904315196998, 0.8308555033907147, 0.7947959183673469]}}