{"param": {"class_weight": null, "gamma": 0.01, "learning_rate": 0.1, "max_depth": null, "min_child_weight": 1, "n_estimators": 100, "scale_pos_weight": 3}, "valid": {"f1": [0.5274725274725275, 0.4536082474226804, 0.5656565656565656, 0.6021505376344086, 0.5714285714285714, 0.46808510638297873, 0.6, 0.49523809523809526, 0.5132743362831859, 0.5], "precision": [0.5454545454545454, 0.4583333333333333, 0.6363636363636364, 0.6222222222222222, 0.6086956521739131, 0.4583333333333333, 0.5882352941176471, 0.49056603773584906, 0.5, 0.48936170212765956], "recall": [0.5106382978723404, 0.4489795918367347, 0.509090909090909, 0.5833333333333334, 0.5384615384615384, 0.4782608695652174, 0.6122448979591837, 0.5, 0.5272727272727272, 0.5111111111111111], "acc": [0.8259109311740891, 0.7854251012145749, 0.8259109311740891, 0.8502024291497976, 0.8299595141700404, 0.7975708502024291, 0.8380566801619433, 0.7854251012145749, 0.7773279352226721, 0.8137651821862348], "auc": [0.7579787234042554, 0.7476808905380334, 0.7741477272727272, 0.8512353433835845, 0.8112426035502958, 0.7475665152498379, 0.8409606266749124, 0.7952662721893491, 0.7112689393939393, 0.7463146314631462]}, "test": {"f1": [0.5294117647058824, 0.5052631578947369, 0.5185185185185185, 0.6666666666666666, 0.6060606060606061, 0.5227272727272727, 0.6185567010309279, 0.5128205128205128, 0.5405405405405406, 0.5263157894736842], "precision": [0.5, 0.4528301886792453, 0.5675675675675675, 0.7560975609756098, 0.625, 0.5111111111111111, 0.6666666666666666, 0.5405405405405406, 0.5263157894736842, 0.5434782608695652], "recall": [0.5625, 0.5714285714285714, 0.4772727272727273, 0.5961538461538461, 0.5882352941176471, 0.5348837209302325, 0.5769230769230769, 0.4878048780487805, 0.5555555555555556, 0.5102040816326531], "acc": [0.8072289156626506, 0.8112449799196787, 0.8433734939759037, 0.8755020080321285, 0.8433734939759037, 0.8313253012048193, 0.8514056224899599, 0.8473895582329317, 0.8634538152610441, 0.8192771084337349], "auc": [0.8348880597014926, 0.8441453876236484, 0.8478935698447894, 0.8058375634517767, 0.8646266587443059, 0.7838112440731543, 0.8517180788754393, 0.8083958724202627, 0.8377673448095984, 0.7890816326530613]}}