{"param": {"class_weight": "balanced", "learning_rate": 0.1, "max_depth": 7, "min_samples_split": 4, "n_estimators": 100}, "valid": {"f1": [0.5376344086021505, 0.425531914893617, 0.5263157894736842, 0.651685393258427, 0.52, 0.3695652173913043, 0.5833333333333334, 0.4948453608247423, 0.46846846846846846, 0.45161290322580644], "precision": [0.5434782608695652, 0.4444444444444444, 0.625, 0.7073170731707317, 0.5416666666666666, 0.3695652173913043, 0.5957446808510638, 0.5333333333333333, 0.4642857142857143, 0.4375], "recall": [0.5319148936170213, 0.40816326530612246, 0.45454545454545453, 0.6041666666666666, 0.5, 0.3695652173913043, 0.5714285714285714, 0.46153846153846156, 0.4727272727272727, 0.4666666666666667], "acc": [0.8259109311740891, 0.7813765182186235, 0.8178137651821862, 0.8744939271255061, 0.805668016194332, 0.7651821862348178, 0.8380566801619433, 0.8016194331983806, 0.7611336032388664, 0.7935222672064778], "auc": [0.7398936170212767, 0.7222222222222221, 0.7513257575757576, 0.8359505862646566, 0.8093688362919133, 0.7233398226260004, 0.836837765409194, 0.768836291913215, 0.7055871212121213, 0.7525852585258526]}, "test": {"f1": [0.5154639175257731, 0.5294117647058824, 0.5411764705882353, 0.5918367346938775, 0.5434782608695652, 0.3764705882352941, 0.6274509803921569, 0.525, 0.5151515151515151, 0.47191011235955055], "precision": [0.5102040816326531, 0.45, 0.5609756097560976, 0.6304347826086957, 0.6097560975609756, 0.38095238095238093, 0.64, 0.5384615384615384, 0.5666666666666667, 0.525], "recall": [0.5208333333333334, 0.6428571428571429, 0.5227272727272727, 0.5576923076923077, 0.49019607843137253, 0.37209302325581395, 0.6153846153846154, 0.5121951219512195, 0.4722222222222222, 0.42857142857142855], "acc": [0.8112449799196787, 0.8072289156626506, 0.8433734939759037, 0.8393574297188755, 0.8313253012048193, 0.7871485943775101, 0.8473895582329317, 0.8473895582329317, 0.8714859437751004, 0.8112449799196787], "auc": [0.7829601990049752, 0.8129744651483782, 0.8378048780487806, 0.814427957828973, 0.847395523866112, 0.7512982614585685, 0.8456657555642327, 0.81531425891182, 0.803338549817423, 0.751734693877551]}}