{"param": {"class_weight": null, "gamma": 0, "learning_rate": 0.1, "max_depth": null, "min_child_weight": 1, "n_estimators": 100, "scale_pos_weight": 3}, "valid": {"f1": [0.4778761061946903, 0.3826086956521739, 0.47863247863247865, 0.5, 0.5087719298245614, 0.4827586206896552, 0.5378151260504201, 0.5039370078740157, 0.4881889763779528, 0.4380952380952381], "precision": [0.4090909090909091, 0.3333333333333333, 0.45161290322580644, 0.4166666666666667, 0.46774193548387094, 0.4, 0.45714285714285713, 0.4266666666666667, 0.4305555555555556, 0.38333333333333336], "recall": [0.574468085106383, 0.4489795918367347, 0.509090909090909, 0.625, 0.5576923076923077, 0.6086956521739131, 0.6530612244897959, 0.6153846153846154, 0.5636363636363636, 0.5111111111111111], "acc": [0.7611336032388664, 0.7125506072874493, 0.7530364372469636, 0.757085020242915, 0.7732793522267206, 0.757085020242915, 0.7773279352226721, 0.7449392712550608, 0.7368421052631579, 0.7611336032388664], "auc": [0.7448936170212765, 0.6679035250463822, 0.7410511363636364, 0.7385887772194305, 0.7805226824457594, 0.7419965390439109, 0.8209132137703566, 0.719033530571992, 0.7329071969696969, 0.7232673267326732]}, "test": {"f1": [0.509090909090909, 0.5128205128205128, 0.52, 0.5409836065573771, 0.4716981132075472, 0.4742268041237113, 0.5225225225225225, 0.4672897196261682, 0.4380952380952381, 0.4666666666666667], "precision": [0.45161290322580644, 0.4, 0.4642857142857143, 0.4714285714285714, 0.45454545454545453, 0.42592592592592593, 0.4915254237288136, 0.3787878787878788, 0.3333333333333333, 0.39436619718309857], "recall": [0.5833333333333334, 0.7142857142857143, 0.5909090909090909, 0.6346153846153846, 0.49019607843137253, 0.5348837209302325, 0.5576923076923077, 0.6097560975609756, 0.6388888888888888, 0.5714285714285714], "acc": [0.7831325301204819, 0.7710843373493976, 0.8072289156626506, 0.7751004016064257, 0.7751004016064257, 0.7951807228915663, 0.7871485943775101, 0.7710843373493976, 0.7630522088353414, 0.7429718875502008], "auc": [0.7995957711442786, 0.7963538072233725, 0.8023835920177383, 0.771036704412339, 0.7911962764903941, 0.8075750733799955, 0.7776259273721203, 0.8112101313320825, 0.7905581637976005, 0.7423979591836736]}}