{"param": {"class_weight": "balanced", "max_depth": 5, "min_child_samples": 10, "n_estimators": 110, "num_leaves": 31}, "valid": {"f1": [0.5094339622641509, 0.5087719298245614, 0.5420560747663551, 0.5555555555555556, 0.5660377358490566, 0.4642857142857143, 0.5454545454545454, 0.5565217391304348, 0.5511811023622047, 0.46464646464646464], "precision": [0.4576271186440678, 0.4461538461538462, 0.5576923076923077, 0.5, 0.5555555555555556, 0.3939393939393939, 0.4918032786885246, 0.5079365079365079, 0.4861111111111111, 0.42592592592592593], "recall": [0.574468085106383, 0.5918367346938775, 0.5272727272727272, 0.625, 0.5769230769230769, 0.5652173913043478, 0.6122448979591837, 0.6153846153846154, 0.6363636363636364, 0.5111111111111111], "acc": [0.7894736842105263, 0.7732793522267206, 0.8016194331983806, 0.805668016194332, 0.8137651821862348, 0.757085020242915, 0.7975708502024291, 0.7935222672064778, 0.7692307692307693, 0.7854251012145749], "auc": [0.7685106382978723, 0.7765409193980622, 0.7614583333333335, 0.8298785594639866, 0.8132149901380671, 0.7458360372052779, 0.8178726035868893, 0.8101577909270217, 0.750094696969697, 0.7652365236523653]}, "test": {"f1": [0.5309734513274337, 0.4909090909090909, 0.6666666666666666, 0.6111111111111112, 0.5517241379310345, 0.5825242718446602, 0.5714285714285714, 0.5333333333333333, 0.4470588235294118, 0.4778761061946903], "precision": [0.46153846153846156, 0.39705882352941174, 0.6153846153846154, 0.5892857142857143, 0.49230769230769234, 0.5, 0.5333333333333333, 0.4375, 0.3877551020408163, 0.421875], "recall": [0.625, 0.6428571428571429, 0.7272727272727273, 0.6346153846153846, 0.6274509803921569, 0.6976744186046512, 0.6153846153846154, 0.6829268292682927, 0.5277777777777778, 0.5510204081632653], "acc": [0.7871485943775101, 0.7751004016064257, 0.8714859437751004, 0.8313253012048193, 0.7911646586345381, 0.8273092369477911, 0.8072289156626506, 0.8032128514056225, 0.8112449799196787, 0.7630522088353414], "auc": [0.8040008291873965, 0.8417299286864504, 0.8873614190687362, 0.814135103475205, 0.8365022776787483, 0.7955520433506436, 0.8404919953143305, 0.8183630393996247, 0.8368544600938966, 0.7606122448979592]}}