{"param": {"class_weight": "balanced", "criterion": "entropy", "max_depth": 20, "min_samples_leaf": 1, "min_samples_split": 5}, "valid": {"f1": [0.4, 0.41818181818181815, 0.45098039215686275, 0.40404040404040403, 0.5384615384615384, 0.375, 0.45112781954887216, 0.4482758620689655, 0.43902439024390244, 0.32653061224489793], "precision": [0.3132530120481928, 0.3770491803278688, 0.48936170212765956, 0.39215686274509803, 0.5384615384615384, 0.36, 0.35714285714285715, 0.40625, 0.39705882352941174, 0.3018867924528302], "recall": [0.5531914893617021, 0.46938775510204084, 0.41818181818181815, 0.4166666666666667, 0.5384615384615384, 0.391304347826087, 0.6122448979591837, 0.5, 0.4909090909090909, 0.35555555555555557], "acc": [0.6842105263157895, 0.7408906882591093, 0.7732793522267206, 0.7611336032388664, 0.805668016194332, 0.757085020242915, 0.7044534412955465, 0.7408906882591093, 0.7206477732793523, 0.7327935222672065], "auc": [0.6496808510638299, 0.6427025355596785, 0.6470170454545455, 0.6276172529313233, 0.7127218934911241, 0.6152390222799048, 0.656823335394764, 0.6614891518737673, 0.6498579545454546, 0.5950495049504951]}, "test": {"f1": [0.4, 0.43137254901960786, 0.3711340206185567, 0.3448275862068966, 0.4752475247524752, 0.29411764705882354, 0.5132743362831859, 0.5, 0.32608695652173914, 0.42016806722689076], "precision": [0.3170731707317073, 0.36666666666666664, 0.33962264150943394, 0.3125, 0.48, 0.2542372881355932, 0.47540983606557374, 0.43636363636363634, 0.26785714285714285, 0.35714285714285715], "recall": [0.5416666666666666, 0.5238095238095238, 0.4090909090909091, 0.38461538461538464, 0.47058823529411764, 0.3488372093023256, 0.5576923076923077, 0.5853658536585366, 0.4166666666666667, 0.5102040816326531], "acc": [0.6867469879518072, 0.7670682730923695, 0.7550200803212851, 0.6947791164658634, 0.7871485943775101, 0.7108433734939759, 0.7791164658634538, 0.8072289156626506, 0.751004016064257, 0.7228915662650602], "auc": [0.6462479270315089, 0.6748332183114791, 0.6250554323725055, 0.5845372901210465, 0.6696375519904932, 0.567058026642583, 0.7291097227645451, 0.7312382739212007, 0.6118283776734481, 0.6484183673469388]}}