{"param": {"class_weight": "balanced", "max_depth": -1, "min_child_samples": 10, "n_estimators": 100, "num_leaves": 50}, "valid": {"f1": [0.43859649122807015, 0.4864864864864865, 0.5172413793103449, 0.4827586206896552, 0.4878048780487805, 0.41509433962264153, 0.543859649122807, 0.4838709677419355, 0.5081967213114754, 0.4158415841584158], "precision": [0.373134328358209, 0.43548387096774194, 0.4918032786885246, 0.4117647058823529, 0.4225352112676056, 0.36666666666666664, 0.47692307692307695, 0.4166666666666667, 0.4626865671641791, 0.375], "recall": [0.5319148936170213, 0.5510204081632653, 0.5454545454545454, 0.5833333333333334, 0.5769230769230769, 0.4782608695652174, 0.6326530612244898, 0.5769230769230769, 0.5636363636363636, 0.4666666666666667], "acc": [0.7408906882591093, 0.7692307692307693, 0.7732793522267206, 0.757085020242915, 0.7449392712550608, 0.7489878542510121, 0.7894736842105263, 0.7408906882591093, 0.757085020242915, 0.7611336032388664], "auc": [0.7285638297872341, 0.6839826839826841, 0.7156723484848485, 0.7297948073701843, 0.7338264299802761, 0.6977611940298507, 0.7792207792207791, 0.6957100591715978, 0.7408617424242424, 0.7050055005500551]}, "test": {"f1": [0.5405405405405406, 0.5, 0.5098039215686274, 0.5203252032520326, 0.4909090909090909, 0.5769230769230769, 0.5714285714285714, 0.5, 0.38636363636363635, 0.509090909090909], "precision": [0.47619047619047616, 0.3780487804878049, 0.4482758620689655, 0.4507042253521127, 0.4576271186440678, 0.4918032786885246, 0.5333333333333333, 0.423728813559322, 0.3269230769230769, 0.45901639344262296], "recall": [0.625, 0.7380952380952381, 0.5909090909090909, 0.6153846153846154, 0.5294117647058824, 0.6976744186046512, 0.6153846153846154, 0.6097560975609756, 0.4722222222222222, 0.5714285714285714], "acc": [0.7951807228915663, 0.751004016064257, 0.7991967871485943, 0.7630522088353414, 0.7751004016064257, 0.8232931726907631, 0.8072289156626506, 0.7991967871485943, 0.7831325301204819, 0.7831325301204819], "auc": [0.8245750414593698, 0.8086036346905913, 0.7993348115299335, 0.7824580242092933, 0.8001089324618736, 0.8008579814856627, 0.8070089808668489, 0.8018878986866792, 0.7445226917057903, 0.7765306122448979]}}