{"param": {"class_weight": "balanced", "criterion": "entropy", "max_depth": 40, "min_samples_leaf": 1, "min_samples_split": 10}, "valid": {"f1": [0.45255474452554745, 0.46258503401360546, 0.44285714285714284, 0.46808510638297873, 0.4713375796178344, 0.4233576642335766, 0.4603174603174603, 0.45517241379310347, 0.4585987261146497, 0.43609022556390975], "precision": [0.34444444444444444, 0.3469387755102041, 0.36470588235294116, 0.3548387096774194, 0.3523809523809524, 0.31868131868131866, 0.37662337662337664, 0.3548387096774194, 0.35294117647058826, 0.32954545454545453], "recall": [0.6595744680851063, 0.6938775510204082, 0.5636363636363636, 0.6875, 0.7115384615384616, 0.6304347826086957, 0.5918367346938775, 0.6346153846153846, 0.6545454545454545, 0.6444444444444445], "acc": [0.6963562753036437, 0.680161943319838, 0.6842105263157895, 0.6963562753036437, 0.6639676113360324, 0.680161943319838, 0.7246963562753036, 0.680161943319838, 0.6558704453441295, 0.6963562753036437], "auc": [0.6932446808510639, 0.7067614924757782, 0.6589962121212123, 0.7025230318257957, 0.7071005917159764, 0.6709387843391736, 0.6897031539888684, 0.6609467455621303, 0.6870265151515151, 0.6806930693069306]}, "test": {"f1": [0.49624060150375937, 0.3448275862068966, 0.48333333333333334, 0.43870967741935485, 0.45714285714285713, 0.4507042253521127, 0.42962962962962964, 0.425531914893617, 0.30656934306569344, 0.4748201438848921], "precision": [0.38823529411764707, 0.24271844660194175, 0.3815789473684211, 0.3300970873786408, 0.3595505617977528, 0.32323232323232326, 0.3493975903614458, 0.3, 0.2079207920792079, 0.36666666666666664], "recall": [0.6875, 0.5952380952380952, 0.6590909090909091, 0.6538461538461539, 0.6274509803921569, 0.7441860465116279, 0.5576923076923077, 0.7317073170731707, 0.5833333333333334, 0.673469387755102], "acc": [0.7309236947791165, 0.6184738955823293, 0.751004016064257, 0.6506024096385542, 0.6947791164658634, 0.6867469879518072, 0.6907630522088354, 0.6746987951807228, 0.6184738955823293, 0.7068273092369478], "auc": [0.7337271973466003, 0.6367034736599955, 0.7307095343680711, 0.6829363529871144, 0.714349376114082, 0.738710769925491, 0.6737114408434206, 0.7130628517823641, 0.6303468961919667, 0.7258673469387755]}}