{"param": {"class_weight": "balanced", "learning_rate": 0.1, "max_depth": 10, "min_samples_split": 2, "n_estimators": 150}, "valid": {"f1": [0.46296296296296297, 0.45045045045045046, 0.4642857142857143, 0.5357142857142857, 0.46551724137931033, 0.42857142857142855, 0.5321100917431193, 0.5254237288135594, 0.48, 0.5217391304347826], "precision": [0.4098360655737705, 0.4032258064516129, 0.45614035087719296, 0.46875, 0.421875, 0.40384615384615385, 0.48333333333333334, 0.4696969696969697, 0.42857142857142855, 0.5106382978723404], "recall": [0.5319148936170213, 0.5102040816326531, 0.4727272727272727, 0.625, 0.5192307692307693, 0.45652173913043476, 0.5918367346938775, 0.5961538461538461, 0.5454545454545454, 0.5333333333333333], "acc": [0.7651821862348178, 0.7530364372469636, 0.757085020242915, 0.7894736842105263, 0.7489878542510121, 0.7732793522267206, 0.7935222672064778, 0.7732793522267206, 0.7368421052631579, 0.8218623481781376], "auc": [0.7372340425531914, 0.6959389816532675, 0.7012310606060606, 0.7616206030150754, 0.7736193293885602, 0.7058728098637248, 0.8190063904349619, 0.7236686390532544, 0.7422348484848484, 0.74994499449945]}, "test": {"f1": [0.5576923076923077, 0.4576271186440678, 0.5319148936170213, 0.4745762711864407, 0.4485981308411215, 0.5773195876288659, 0.5242718446601942, 0.5294117647058824, 0.3829787234042553, 0.5142857142857142], "precision": [0.5178571428571429, 0.35526315789473684, 0.5, 0.42424242424242425, 0.42857142857142855, 0.5185185185185185, 0.5294117647058824, 0.4426229508196721, 0.3103448275862069, 0.48214285714285715], "recall": [0.6041666666666666, 0.6428571428571429, 0.5681818181818182, 0.5384615384615384, 0.47058823529411764, 0.6511627906976745, 0.5192307692307693, 0.6585365853658537, 0.5, 0.5510204081632653], "acc": [0.8152610441767069, 0.7429718875502008, 0.8232931726907631, 0.751004016064257, 0.7630522088353414, 0.8353413654618473, 0.8032128514056225, 0.8072289156626506, 0.7670682730923695, 0.7951807228915663], "auc": [0.7677757048092869, 0.7657004830917874, 0.7549889135254988, 0.7331120655993753, 0.7883244206773619, 0.806276811921427, 0.7656188988676298, 0.8323757035647278, 0.7526082420448618, 0.7465816326530612]}}